yearmonth,region,fueltype,cost
2020년01월,서울,경유,1483.56
2020년02월,서울,경유,1455.88
2020년03월,서울,경유,1382.16
2020년04월,서울,경유,1237.83
2020년05월,서울,경유,1168.79
2020년06월,서울,경유,1230.49
2020년07월,서울,경유,1261.81
2020년08월,서울,경유,1265.42
2020년09월,서울,경유,1253.3
2020년10월,서울,경유,1231.73
2020년11월,서울,경유,1214.55
2020년12월,서울,경유,1255.59
2021년01월,서울,경유,1321.59
2021년02월,서울,경유,1347.96
2021년03월,서울,경유,1400.02
2021년04월,서울,경유,1413.45
2021년05월,서울,경유,1422.41
2021년06월,서울,경유,1459.64
2021년07월,서울,경유,1510.23
2021년08월,서울,경유,1526.71
2021년09월,서울,경유,1522.31
2021년10월,서울,경유,1591.46
2021년11월,서울,경유,1618.4
2021년12월,서울,경유,1539.56
2022년01월,서울,경유,1535.69
2022년02월,서울,경유,1614.18
2022년03월,서울,경유,1907.9
2022년04월,서울,경유,1972.8
2022년05월,서울,경유,2018.48
2022년06월,서울,경유,2151.39
2022년07월,서울,경유,2135.77
2022년08월,서울,경유,1945.22
2022년09월,서울,경유,1920.22
2022년10월,서울,경유,1904.1
2022년11월,서울,경유,1937.87
2022년12월,서울,경유,1865.33
2023년01월,서울,경유,1759.17
2023년02월,서울,경유,1694.53
2023년03월,서울,경유,1635.38
2023년04월,서울,경유,1633.88
2023년05월,서울,경유,1576.39
2023년06월,서울,경유,1502.67
2023년07월,서울,경유,1508.8
2023년08월,서울,경유,1674.89
2023년09월,서울,경유,1751.44
2023년10월,서울,경유,1770.9
2023년11월,서울,경유,1703.18
2023년12월,서울,경유,1609.46
2024년01월,서울,경유,1568.06
2024년02월,서울,경유,1611.32
2024년03월,서울,경유,1623.32
2024년04월,서울,경유,1641.57
2024년05월,서울,경유,1627.24
2024년06월,서울,경유,1580.46
2024년07월,서울,경유,1637.64
2024년08월,서울,경유,1615.62
2024년09월,서울,경유,1544.18
2024년10월,서울,경유,1511.46
2024년11월,서울,경유,1552.6
2024년12월,서울,경유,1576.73
2025년01월,서울,경유,1643.45
2025년02월,서울,경유,1665.71
2025년03월,서울,경유,1625.31
2025년04월,서울,경유,1592.64
2025년05월,서울,경유,1592.06
2020년01월,부산,경유,1378.54
2020년02월,부산,경유,1344.53
2020년03월,부산,경유,1253.96
2020년04월,부산,경유,1098.41
2020년05월,부산,경유,1040.46
2020년06월,부산,경유,1109.39
2020년07월,부산,경유,1151.2
2020년08월,부산,경유,1153.24
2020년09월,부산,경유,1141.55
2020년10월,부산,경유,1115.32
2020년11월,부산,경유,1099.3
2020년12월,부산,경유,1152.62
2021년01월,부산,경유,1231.38
2021년02월,부산,경유,1250.7
2021년03월,부산,경유,1306.64
2021년04월,부산,경유,1323.81
2021년05월,부산,경유,1327.81
2021년06월,부산,경유,1360.34
2021년07월,부산,경유,1418.01
2021년08월,부산,경유,1430.23
2021년09월,부산,경유,1426.96
2021년10월,부산,경유,1490.87
2021년11월,부산,경유,1520.57
2021년12월,부산,경유,1441.57
2022년01월,부산,경유,1437.91
2022년02월,부산,경유,1516.08
2022년03월,부산,경유,1814.59
2022년04월,부산,경유,1883.79
2022년05월,부산,경유,1938.13
2022년06월,부산,경유,2069.63
2022년07월,부산,경유,2059.73
2022년08월,부산,경유,1860.47
2022년09월,부산,경유,1819.09
2022년10월,부산,경유,1808.98
2022년11월,부산,경유,1858.28
2022년12월,부산,경유,1755.69
2023년01월,부산,경유,1640.48
2023년02월,부산,경유,1576.4
2023년03월,부산,경유,1514.58
2023년04월,부산,경유,1512.8
2023년05월,부산,경유,1454.43
2023년06월,부산,경유,1376
2023년07월,부산,경유,1374.3
2023년08월,부산,경유,1562.77
2023년09월,부산,경유,1653.87
2023년10월,부산,경유,1673.81
2023년11월,부산,경유,1597.99
2023년12월,부산,경유,1492.05
2024년01월,부산,경유,1451.7
2024년02월,부산,경유,1500.35
2024년03월,부산,경유,1521.93
2024년04월,부산,경유,1537.78
2024년05월,부산,경유,1515.16
2024년06월,부산,경유,1467.08
2024년07월,부산,경유,1530.19
2024년08월,부산,경유,1507.17
2024년09월,부산,경유,1435.19
2024년10월,부산,경유,1394.06
2024년11월,부산,경유,1434.12
2024년12월,부산,경유,1480.94
2025년01월,부산,경유,1554.23
2025년02월,부산,경유,1579.33
2025년03월,부산,경유,1531.36
2025년04월,부산,경유,1481.91
2025년05월,부산,경유,1474.67
2020년01월,대구,경유,1374.25
2020년02월,대구,경유,1340.02
2020년03월,대구,경유,1236.18
2020년04월,대구,경유,1080.53
2020년05월,대구,경유,1024.97
2020년06월,대구,경유,1099.27
2020년07월,대구,경유,1138.63
2020년08월,대구,경유,1136.35
2020년09월,대구,경유,1121.81
2020년10월,대구,경유,1101.4
2020년11월,대구,경유,1088
2020년12월,대구,경유,1144.14
2021년01월,대구,경유,1226.88
2021년02월,대구,경유,1241.69
2021년03월,대구,경유,1288.79
2021년04월,대구,경유,1310.75
2021년05월,대구,경유,1313.06
2021년06월,대구,경유,1350.45
2021년07월,대구,경유,1406.2
2021년08월,대구,경유,1418.5
2021년09월,대구,경유,1412.77
2021년10월,대구,경유,1486.9
2021년11월,대구,경유,1521.55
2021년12월,대구,경유,1438.58
2022년01월,대구,경유,1421.46
2022년02월,대구,경유,1509.13
2022년03월,대구,경유,1810.64
2022년04월,대구,경유,1874.2
2022년05월,대구,경유,1934.16
2022년06월,대구,경유,2061.22
2022년07월,대구,경유,2047.8
2022년08월,대구,경유,1843.96
2022년09월,대구,경유,1804.32
2022년10월,대구,경유,1802.39
2022년11월,대구,경유,1845.14
2022년12월,대구,경유,1735.71
2023년01월,대구,경유,1626.49
2023년02월,대구,경유,1557.98
2023년03월,대구,경유,1496.29
2023년04월,대구,경유,1502.55
2023년05월,대구,경유,1422.07
2023년06월,대구,경유,1350.97
2023년07월,대구,경유,1365.36
2023년08월,대구,경유,1561.24
2023년09월,대구,경유,1637.13
2023년10월,대구,경유,1647.08
2023년11월,대구,경유,1585.18
2023년12월,대구,경유,1478.81
2024년01월,대구,경유,1434.82
2024년02월,대구,경유,1485.28
2024년03월,대구,경유,1505.28
2024년04월,대구,경유,1522.65
2024년05월,대구,경유,1495.47
2024년06월,대구,경유,1441.93
2024년07월,대구,경유,1512.06
2024년08월,대구,경유,1492.63
2024년09월,대구,경유,1415.41
2024년10월,대구,경유,1379.85
2024년11월,대구,경유,1424.26
2024년12월,대구,경유,1464.66
2025년01월,대구,경유,1534.73
2025년02월,대구,경유,1562.8
2025년03월,대구,경유,1517.56
2025년04월,대구,경유,1469.02
2025년05월,대구,경유,1457.75
2020년01월,인천,경유,1399.85
2020년02월,인천,경유,1358.05
2020년03월,인천,경유,1263.1
2020년04월,인천,경유,1109.82
2020년05월,인천,경유,1055.62
2020년06월,인천,경유,1147.19
2020년07월,인천,경유,1164.95
2020년08월,인천,경유,1165.76
2020년09월,인천,경유,1146.78
2020년10월,인천,경유,1130.53
2020년11월,인천,경유,1113.48
2020년12월,인천,경유,1181.15
2021년01월,인천,경유,1257.51
2021년02월,인천,경유,1267.79
2021년03월,인천,경유,1318.48
2021년04월,인천,경유,1331.16
2021년05월,인천,경유,1338.54
2021년06월,인천,경유,1377.04
2021년07월,인천,경유,1430.12
2021년08월,인천,경유,1439.06
2021년09월,인천,경유,1437.99
2021년10월,인천,경유,1517.04
2021년11월,인천,경유,1543.65
2021년12월,인천,경유,1457
2022년01월,인천,경유,1454.45
2022년02월,인천,경유,1549.02
2022년03월,인천,경유,1840.95
2022년04월,인천,경유,1902.83
2022년05월,인천,경유,1961.82
2022년06월,인천,경유,2091.4
2022년07월,인천,경유,2071.56
2022년08월,인천,경유,1867.38
2022년09월,인천,경유,1844.9
2022년10월,인천,경유,1839.83
2022년11월,인천,경유,1874.05
2022년12월,인천,경유,1753.52
2023년01월,인천,경유,1649.21
2023년02월,인천,경유,1579.82
2023년03월,인천,경유,1516.49
2023년04월,인천,경유,1530.29
2023년05월,인천,경유,1437.73
2023년06월,인천,경유,1370.2
2023년07월,인천,경유,1398.39
2023년08월,인천,경유,1599.91
2023년09월,인천,경유,1665.36
2023년10월,인천,경유,1676.89
2023년11월,인천,경유,1605.79
2023년12월,인천,경유,1510.53
2024년01월,인천,경유,1470.35
2024년02월,인천,경유,1521.67
2024년03월,인천,경유,1539.92
2024년04월,인천,경유,1558.05
2024년05월,인천,경유,1526.28
2024년06월,인천,경유,1459.57
2024년07월,인천,경유,1546.7
2024년08월,인천,경유,1535.63
2024년09월,인천,경유,1450.28
2024년10월,인천,경유,1418.79
2024년11월,인천,경유,1465.04
2024년12월,인천,경유,1495.39
2025년01월,인천,경유,1568.22
2025년02월,인천,경유,1594.8
2025년03월,인천,경유,1534.43
2025년04월,인천,경유,1501.87
2025년05월,인천,경유,1499.86
2020년01월,광주,경유,1380.82
2020년02월,광주,경유,1351.32
2020년03월,광주,경유,1269.8
2020년04월,광주,경유,1126.7
2020년05월,광주,경유,1054.65
2020년06월,광주,경유,1107.95
2020년07월,광주,경유,1144.95
2020년08월,광주,경유,1142.78
2020년09월,광주,경유,1130.11
2020년10월,광주,경유,1108.94
2020년11월,광주,경유,1096.49
2020년12월,광주,경유,1152.44
2021년01월,광주,경유,1228.48
2021년02월,광주,경유,1246.34
2021년03월,광주,경유,1297.97
2021년04월,광주,경유,1316.76
2021년05월,광주,경유,1323.26
2021년06월,광주,경유,1365.51
2021년07월,광주,경유,1415.2
2021년08월,광주,경유,1428.62
2021년09월,광주,경유,1425
2021년10월,광주,경유,1494.43
2021년11월,광주,경유,1540.08
2021년12월,광주,경유,1469.99
2022년01월,광주,경유,1453.01
2022년02월,광주,경유,1523.05
2022년03월,광주,경유,1800.91
2022년04월,광주,경유,1890.23
2022년05월,광주,경유,1946
2022년06월,광주,경유,2062.29
2022년07월,광주,경유,2073.02
2022년08월,광주,경유,1876.14
2022년09월,광주,경유,1828.3
2022년10월,광주,경유,1815.17
2022년11월,광주,경유,1861.7
2022년12월,광주,경유,1760.62
2023년01월,광주,경유,1659.21
2023년02월,광주,경유,1590.23
2023년03월,광주,경유,1525.23
2023년04월,광주,경유,1509.42
2023년05월,광주,경유,1444.74
2023년06월,광주,경유,1375.96
2023년07월,광주,경유,1377.76
2023년08월,광주,경유,1533.16
2023년09월,광주,경유,1642.89
2023년10월,광주,경유,1671.36
2023년11월,광주,경유,1610.59
2023년12월,광주,경유,1503.69
2024년01월,광주,경유,1457.4
2024년02월,광주,경유,1497.6
2024년03월,광주,경유,1519.68
2024년04월,광주,경유,1539.87
2024년05월,광주,경유,1520.67
2024년06월,광주,경유,1473.58
2024년07월,광주,경유,1522.5
2024년08월,광주,경유,1510.53
2024년09월,광주,경유,1435.84
2024년10월,광주,경유,1395.78
2024년11월,광주,경유,1436.8
2024년12월,광주,경유,1479.5
2025년01월,광주,경유,1545.93
2025년02월,광주,경유,1583.6
2025년03월,광주,경유,1548.83
2025년04월,광주,경유,1502.4
2025년05월,광주,경유,1489.87
2020년01월,대전,경유,1398.58
2020년02월,대전,경유,1346.97
2020년03월,대전,경유,1241.51
2020년04월,대전,경유,1095.57
2020년05월,대전,경유,1046.07
2020년06월,대전,경유,1129.82
2020년07월,대전,경유,1155.51
2020년08월,대전,경유,1151.05
2020년09월,대전,경유,1135.61
2020년10월,대전,경유,1111.97
2020년11월,대전,경유,1105.82
2020년12월,대전,경유,1171.27
2021년01월,대전,경유,1239.49
2021년02월,대전,경유,1259.76
2021년03월,대전,경유,1307.47
2021년04월,대전,경유,1322.43
2021년05월,대전,경유,1332.59
2021년06월,대전,경유,1376.62
2021년07월,대전,경유,1424.74
2021년08월,대전,경유,1431.46
2021년09월,대전,경유,1429.52
2021년10월,대전,경유,1515.02
2021년11월,대전,경유,1541.68
2021년12월,대전,경유,1450.35
2022년01월,대전,경유,1447.26
2022년02월,대전,경유,1536.03
2022년03월,대전,경유,1835.39
2022년04월,대전,경유,1898.05
2022년05월,대전,경유,1958.54
2022년06월,대전,경유,2089.86
2022년07월,대전,경유,2075.47
2022년08월,대전,경유,1873.53
2022년09월,대전,경유,1849.73
2022년10월,대전,경유,1830.34
2022년11월,대전,경유,1876.21
2022년12월,대전,경유,1788.4
2023년01월,대전,경유,1681.39
2023년02월,대전,경유,1603.6
2023년03월,대전,경유,1538.07
2023년04월,대전,경유,1541.71
2023년05월,대전,경유,1459.65
2023년06월,대전,경유,1388.27
2023년07월,대전,경유,1396.35
2023년08월,대전,경유,1584.29
2023년09월,대전,경유,1666.05
2023년10월,대전,경유,1680.77
2023년11월,대전,경유,1614.86
2023년12월,대전,경유,1513.91
2024년01월,대전,경유,1472.48
2024년02월,대전,경유,1517.87
2024년03월,대전,경유,1535.61
2024년04월,대전,경유,1560.14
2024년05월,대전,경유,1538.74
2024년06월,대전,경유,1483.56
2024년07월,대전,경유,1557.84
2024년08월,대전,경유,1528.09
2024년09월,대전,경유,1453.31
2024년10월,대전,경유,1420.85
2024년11월,대전,경유,1462.46
2024년12월,대전,경유,1494.41
2025년01월,대전,경유,1564.16
2025년02월,대전,경유,1592.72
2025년03월,대전,경유,1541.39
2025년04월,대전,경유,1497.68
2025년05월,대전,경유,1499.99
2020년01월,울산,경유,1391.32
2020년02월,울산,경유,1365.69
2020년03월,울산,경유,1270.36
2020년04월,울산,경유,1115.09
2020년05월,울산,경유,1044.25
2020년06월,울산,경유,1106.68
2020년07월,울산,경유,1147.08
2020년08월,울산,경유,1150.23
2020년09월,울산,경유,1142.34
2020년10월,울산,경유,1121.22
2020년11월,울산,경유,1103.99
2020년12월,울산,경유,1155.08
2021년01월,울산,경유,1241.71
2021년02월,울산,경유,1258.22
2021년03월,울산,경유,1303.68
2021년04월,울산,경유,1320.22
2021년05월,울산,경유,1324.18
2021년06월,울산,경유,1357.02
2021년07월,울산,경유,1414.73
2021년08월,울산,경유,1429
2021년09월,울산,경유,1421.79
2021년10월,울산,경유,1493.5
2021년11월,울산,경유,1533.41
2021년12월,울산,경유,1447.17
2022년01월,울산,경유,1438.13
2022년02월,울산,경유,1519.1
2022년03월,울산,경유,1832.33
2022년04월,울산,경유,1890.95
2022년05월,울산,경유,1942.64
2022년06월,울산,경유,2073.64
2022년07월,울산,경유,2065.19
2022년08월,울산,경유,1859.82
2022년09월,울산,경유,1813.22
2022년10월,울산,경유,1805.93
2022년11월,울산,경유,1854.11
2022년12월,울산,경유,1757.18
2023년01월,울산,경유,1640.92
2023년02월,울산,경유,1576.79
2023년03월,울산,경유,1512.67
2023년04월,울산,경유,1511.35
2023년05월,울산,경유,1450.06
2023년06월,울산,경유,1367.14
2023년07월,울산,경유,1367.73
2023년08월,울산,경유,1560.65
2023년09월,울산,경유,1649.54
2023년10월,울산,경유,1668.04
2023년11월,울산,경유,1601.89
2023년12월,울산,경유,1490.64
2024년01월,울산,경유,1449.98
2024년02월,울산,경유,1500.28
2024년03월,울산,경유,1522.54
2024년04월,울산,경유,1535.32
2024년05월,울산,경유,1511.88
2024년06월,울산,경유,1464.65
2024년07월,울산,경유,1520.96
2024년08월,울산,경유,1501.27
2024년09월,울산,경유,1433.22
2024년10월,울산,경유,1399.35
2024년11월,울산,경유,1437.38
2024년12월,울산,경유,1476.16
2025년01월,울산,경유,1546.99
2025년02월,울산,경유,1575.9
2025년03월,울산,경유,1528.37
2025년04월,울산,경유,1474.98
2025년05월,울산,경유,1463.44
2020년01월,경기,경유,1402.07
2020년02월,경기,경유,1370.11
2020년03월,경기,경유,1279.23
2020년04월,경기,경유,1130.43
2020년05월,경기,경유,1066.6
2020년06월,경기,경유,1140.09
2020년07월,경기,경유,1172.48
2020년08월,경기,경유,1170.98
2020년09월,경기,경유,1157.79
2020년10월,경기,경유,1137.15
2020년11월,경기,경유,1123.67
2020년12월,경기,경유,1177.28
2021년01월,경기,경유,1251.39
2021년02월,경기,경유,1272.28
2021년03월,경기,경유,1321.31
2021년04월,경기,경유,1337.9
2021년05월,경기,경유,1343.85
2021년06월,경기,경유,1381.53
2021년07월,경기,경유,1432.91
2021년08월,경기,경유,1447.03
2021년09월,경기,경유,1442.02
2021년10월,경기,경유,1516.85
2021년11월,경기,경유,1556.93
2021년12월,경기,경유,1469.46
2022년01월,경기,경유,1455.26
2022년02월,경기,경유,1543.65
2022년03월,경기,경유,1839.14
2022년04월,경기,경유,1911.15
2022년05월,경기,경유,1967.27
2022년06월,경기,경유,2094.09
2022년07월,경기,경유,2084.16
2022년08월,경기,경유,1885.5
2022년09월,경기,경유,1853.23
2022년10월,경기,경유,1839.35
2022년11월,경기,경유,1879.68
2022년12월,경기,경유,1779.87
2023년01월,경기,경유,1671.31
2023년02월,경기,경유,1603.58
2023년03월,경기,경유,1536.31
2023년04월,경기,경유,1540.17
2023년05월,경기,경유,1468.68
2023년06월,경기,경유,1389.69
2023년07월,경기,경유,1399.42
2023년08월,경기,경유,1588.53
2023년09월,경기,경유,1672.49
2023년10월,경기,경유,1692.98
2023년11월,경기,경유,1623.77
2023년12월,경기,경유,1522.62
2024년01월,경기,경유,1480.8
2024년02월,경기,경유,1522.3
2024년03월,경기,경유,1543.12
2024년04월,경기,경유,1559.06
2024년05월,경기,경유,1537.43
2024년06월,경기,경유,1483.08
2024년07월,경기,경유,1548.3
2024년08월,경기,경유,1529.6
2024년09월,경기,경유,1452.72
2024년10월,경기,경유,1418.79
2024년11월,경기,경유,1463.43
2024년12월,경기,경유,1498.25
2025년01월,경기,경유,1566.29
2025년02월,경기,경유,1594.77
2025년03월,경기,경유,1546.24
2025년04월,경기,경유,1505.4
2025년05월,경기,경유,1498.32
2020년01월,강원,경유,1411.52
2020년02월,강원,경유,1393.79
2020년03월,강원,경유,1313.29
2020년04월,강원,경유,1164.1
2020년05월,강원,경유,1085.34
2020년06월,강원,경유,1136.13
2020년07월,강원,경유,1169.67
2020년08월,강원,경유,1173.73
2020년09월,강원,경유,1168.31
2020년10월,강원,경유,1151.69
2020년11월,강원,경유,1134.95
2020년12월,강원,경유,1171.81
2021년01월,강원,경유,1235.63
2021년02월,강원,경유,1258.44
2021년03월,강원,경유,1310.71
2021년04월,강원,경유,1335.83
2021년05월,강원,경유,1345.3
2021년06월,강원,경유,1380.61
2021년07월,강원,경유,1430.7
2021년08월,강원,경유,1449.65
2021년09월,강원,경유,1448.46
2021년10월,강원,경유,1516.41
2021년11월,강원,경유,1560.92
2021년12월,강원,경유,1493.94
2022년01월,강원,경유,1474.6
2022년02월,강원,경유,1545.03
2022년03월,강원,경유,1820.21
2022년04월,강원,경유,1920.7
2022년05월,강원,경유,1975.05
2022년06월,강원,경유,2100.22
2022년07월,강원,경유,2107.7
2022년08월,강원,경유,1916.94
2022년09월,강원,경유,1871.78
2022년10월,강원,경유,1854.21
2022년11월,강원,경유,1892.79
2022년12월,강원,경유,1810.21
2023년01월,강원,경유,1700.8
2023년02월,강원,경유,1636.05
2023년03월,강원,경유,1565.48
2023년04월,강원,경유,1550.19
2023년05월,강원,경유,1498.96
2023년06월,강원,경유,1416.76
2023년07월,강원,경유,1408.3
2023년08월,강원,경유,1578.37
2023년09월,강원,경유,1679.35
2023년10월,강원,경유,1709.78
2023년11월,강원,경유,1655.58
2023년12월,강원,경유,1554.21
2024년01월,강원,경유,1505.37
2024년02월,강원,경유,1531.19
2024년03월,강원,경유,1550.21
2024년04월,강원,경유,1570.02
2024년05월,강원,경유,1563.95
2024년06월,강원,경유,1511.38
2024년07월,강원,경유,1553.23
2024년08월,강원,경유,1548.93
2024년09월,강원,경유,1479.94
2024년10월,강원,경유,1440.3
2024년11월,강원,경유,1476.98
2024년12월,강원,경유,1509.09
2025년01월,강원,경유,1571.22
2025년02월,강원,경유,1606.84
2025년03월,강원,경유,1579.58
2025년04월,강원,경유,1541.68
2025년05월,강원,경유,1525.82
2020년01월,충북,경유,1399.47
2020년02월,충북,경유,1374.12
2020년03월,충북,경유,1287.38
2020년04월,충북,경유,1139.98
2020년05월,충북,경유,1072.05
2020년06월,충북,경유,1127.02
2020년07월,충북,경유,1163.76
2020년08월,충북,경유,1165.22
2020년09월,충북,경유,1159.37
2020년10월,충북,경유,1141.17
2020년11월,충북,경유,1123.57
2020년12월,충북,경유,1172.9
2021년01월,충북,경유,1244.41
2021년02월,충북,경유,1264.5
2021년03월,충북,경유,1314.79
2021년04월,충북,경유,1334.8
2021년05월,충북,경유,1342.15
2021년06월,충북,경유,1376.97
2021년07월,충북,경유,1425.85
2021년08월,충북,경유,1442.26
2021년09월,충북,경유,1439.12
2021년10월,충북,경유,1512.51
2021년11월,충북,경유,1552.81
2021년12월,충북,경유,1473.68
2022년01월,충북,경유,1455.06
2022년02월,충북,경유,1537.17
2022년03월,충북,경유,1830.18
2022년04월,충북,경유,1912.14
2022년05월,충북,경유,1970.48
2022년06월,충북,경유,2093.8
2022년07월,충북,경유,2092.12
2022년08월,충북,경유,1894.16
2022년09월,충북,경유,1856.71
2022년10월,충북,경유,1845.74
2022년11월,충북,경유,1887.12
2022년12월,충북,경유,1789.07
2023년01월,충북,경유,1681
2023년02월,충북,경유,1608.79
2023년03월,충북,경유,1542.61
2023년04월,충북,경유,1535.64
2023년05월,충북,경유,1482.19
2023년06월,충북,경유,1402.02
2023년07월,충북,경유,1399.61
2023년08월,충북,경유,1571.65
2023년09월,충북,경유,1667.27
2023년10월,충북,경유,1696.09
2023년11월,충북,경유,1638.56
2023년12월,충북,경유,1539.58
2024년01월,충북,경유,1491.86
2024년02월,충북,경유,1521.25
2024년03월,충북,경유,1540.82
2024년04월,충북,경유,1560.15
2024년05월,충북,경유,1545.49
2024년06월,충북,경유,1496.42
2024년07월,충북,경유,1544.71
2024년08월,충북,경유,1532.7
2024년09월,충북,경유,1466.1
2024년10월,충북,경유,1428.6
2024년11월,충북,경유,1466.57
2024년12월,충북,경유,1501.14
2025년01월,충북,경유,1566.79
2025년02월,충북,경유,1599.32
2025년03월,충북,경유,1565.2
2025년04월,충북,경유,1523.92
2025년05월,충북,경유,1511.45
2020년01월,충남,경유,1399.41
2020년02월,충남,경유,1371.59
2020년03월,충남,경유,1286.37
2020년04월,충남,경유,1140.81
2020년05월,충남,경유,1071.35
2020년06월,충남,경유,1129.35
2020년07월,충남,경유,1162.68
2020년08월,충남,경유,1162.91
2020년09월,충남,경유,1155.23
2020년10월,충남,경유,1135.6
2020년11월,충남,경유,1122.28
2020년12월,충남,경유,1167.21
2021년01월,충남,경유,1236.59
2021년02월,충남,경유,1260.8
2021년03월,충남,경유,1310.17
2021년04월,충남,경유,1332.61
2021년05월,충남,경유,1340.89
2021년06월,충남,경유,1376.74
2021년07월,충남,경유,1423.71
2021년08월,충남,경유,1438.36
2021년09월,충남,경유,1436.91
2021년10월,충남,경유,1510.31
2021년11월,충남,경유,1552.64
2021년12월,충남,경유,1470.24
2022년01월,충남,경유,1454.63
2022년02월,충남,경유,1535.17
2022년03월,충남,경유,1823.42
2022년04월,충남,경유,1908.95
2022년05월,충남,경유,1968.12
2022년06월,충남,경유,2090.93
2022년07월,충남,경유,2090.09
2022년08월,충남,경유,1898.77
2022년09월,충남,경유,1855.96
2022년10월,충남,경유,1843.2
2022년11월,충남,경유,1886.26
2022년12월,충남,경유,1801.99
2023년01월,충남,경유,1690.62
2023년02월,충남,경유,1618.8
2023년03월,충남,경유,1550.56
2023년04월,충남,경유,1544
2023년05월,충남,경유,1486.24
2023년06월,충남,경유,1406.48
2023년07월,충남,경유,1401.12
2023년08월,충남,경유,1566.06
2023년09월,충남,경유,1667.02
2023년10월,충남,경유,1697.99
2023년11월,충남,경유,1643.47
2023년12월,충남,경유,1544.65
2024년01월,충남,경유,1491.06
2024년02월,충남,경유,1519.58
2024년03월,충남,경유,1543.74
2024년04월,충남,경유,1564.47
2024년05월,충남,경유,1549.2
2024년06월,충남,경유,1495.24
2024년07월,충남,경유,1540.33
2024년08월,충남,경유,1534.13
2024년09월,충남,경유,1470.94
2024년10월,충남,경유,1430.32
2024년11월,충남,경유,1466.19
2024년12월,충남,경유,1500.74
2025년01월,충남,경유,1565.65
2025년02월,충남,경유,1598.19
2025년03월,충남,경유,1561.31
2025년04월,충남,경유,1520
2025년05월,충남,경유,1509.34
2020년01월,전북,경유,1384.82
2020년02월,전북,경유,1350.38
2020년03월,전북,경유,1260.65
2020년04월,전북,경유,1119.24
2020년05월,전북,경유,1054.8
2020년06월,전북,경유,1112.64
2020년07월,전북,경유,1148.3
2020년08월,전북,경유,1147.76
2020년09월,전북,경유,1140.72
2020년10월,전북,경유,1120.5
2020년11월,전북,경유,1108.78
2020년12월,전북,경유,1155.79
2021년01월,전북,경유,1230.62
2021년02월,전북,경유,1249.53
2021년03월,전북,경유,1299.84
2021년04월,전북,경유,1323.22
2021년05월,전북,경유,1332.38
2021년06월,전북,경유,1366.87
2021년07월,전북,경유,1413.93
2021년08월,전북,경유,1426.92
2021년09월,전북,경유,1422.82
2021년10월,전북,경유,1496.83
2021년11월,전북,경유,1541.73
2021년12월,전북,경유,1456.13
2022년01월,전북,경유,1434.81
2022년02월,전북,경유,1523.46
2022년03월,전북,경유,1796.08
2022년04월,전북,경유,1887.74
2022년05월,전북,경유,1956.93
2022년06월,전북,경유,2074.49
2022년07월,전북,경유,2073.05
2022년08월,전북,경유,1885.28
2022년09월,전북,경유,1841.2
2022년10월,전북,경유,1830.92
2022년11월,전북,경유,1872.18
2022년12월,전북,경유,1777.96
2023년01월,전북,경유,1671.73
2023년02월,전북,경유,1603.34
2023년03월,전북,경유,1534.45
2023년04월,전북,경유,1524.24
2023년05월,전북,경유,1456.06
2023년06월,전북,경유,1381.38
2023년07월,전북,경유,1387.03
2023년08월,전북,경유,1544.36
2023년09월,전북,경유,1647.3
2023년10월,전북,경유,1676.96
2023년11월,전북,경유,1620.59
2023년12월,전북,경유,1522.48
2024년01월,전북,경유,1473.59
2024년02월,전북,경유,1503.32
2024년03월,전북,경유,1525.08
2024년04월,전북,경유,1544.35
2024년05월,전북,경유,1527.16
2024년06월,전북,경유,1477.95
2024년07월,전북,경유,1526
2024년08월,전북,경유,1514.41
2024년09월,전북,경유,1449.32
2024년10월,전북,경유,1415.12
2024년11월,전북,경유,1446.01
2024년12월,전북,경유,1484.38
2025년01월,전북,경유,1548.8
2025년02월,전북,경유,1579.21
2025년03월,전북,경유,1549.7
2025년04월,전북,경유,1512.32
2025년05월,전북,경유,1498.24
2020년01월,전남,경유,1393.9
2020년02월,전남,경유,1377.43
2020년03월,전남,경유,1301.96
2020년04월,전남,경유,1155.48
2020년05월,전남,경유,1075.35
2020년06월,전남,경유,1112.88
2020년07월,전남,경유,1151.84
2020년08월,전남,경유,1157.42
2020년09월,전남,경유,1154.38
2020년10월,전남,경유,1140.22
2020년11월,전남,경유,1124.06
2020년12월,전남,경유,1159.66
2021년01월,전남,경유,1235.13
2021년02월,전남,경유,1255.39
2021년03월,전남,경유,1302.79
2021년04월,전남,경유,1327.33
2021년05월,전남,경유,1334.16
2021년06월,전남,경유,1368.75
2021년07월,전남,경유,1418.66
2021년08월,전남,경유,1436.89
2021년09월,전남,경유,1436.64
2021년10월,전남,경유,1499.22
2021년11월,전남,경유,1546.44
2021년12월,전남,경유,1482.29
2022년01월,전남,경유,1460.21
2022년02월,전남,경유,1529.34
2022년03월,전남,경유,1803.36
2022년04월,전남,경유,1906.42
2022년05월,전남,경유,1964.12
2022년06월,전남,경유,2081.37
2022년07월,전남,경유,2098.41
2022년08월,전남,경유,1911.99
2022년09월,전남,경유,1856.92
2022년10월,전남,경유,1843.25
2022년11월,전남,경유,1884.59
2022년12월,전남,경유,1807.07
2023년01월,전남,경유,1698.82
2023년02월,전남,경유,1624.24
2023년03월,전남,경유,1557.63
2023년04월,전남,경유,1539.76
2023년05월,전남,경유,1488.16
2023년06월,전남,경유,1410.74
2023년07월,전남,경유,1397.51
2023년08월,전남,경유,1547.13
2023년09월,전남,경유,1660.55
2023년10월,전남,경유,1692.75
2023년11월,전남,경유,1642.76
2023년12월,전남,경유,1543.41
2024년01월,전남,경유,1490.18
2024년02월,전남,경유,1511.07
2024년03월,전남,경유,1537.53
2024년04월,전남,경유,1558.04
2024년05월,전남,경유,1554.54
2024년06월,전남,경유,1508.03
2024년07월,전남,경유,1543.24
2024년08월,전남,경유,1536.88
2024년09월,전남,경유,1474.51
2024년10월,전남,경유,1430.18
2024년11월,전남,경유,1458.51
2024년12월,전남,경유,1494.97
2025년01월,전남,경유,1557.02
2025년02월,전남,경유,1593.28
2025년03월,전남,경유,1569.64
2025년04월,전남,경유,1530.85
2025년05월,전남,경유,1513.77
2020년01월,경북,경유,1383.63
2020년02월,경북,경유,1359.55
2020년03월,경북,경유,1264.19
2020년04월,경북,경유,1112.55
2020년05월,경북,경유,1046.16
2020년06월,경북,경유,1105.01
2020년07월,경북,경유,1145.73
2020년08월,경북,경유,1146.68
2020년09월,경북,경유,1136.89
2020년10월,경북,경유,1114.49
2020년11월,경북,경유,1100.42
2020년12월,경북,경유,1149.83
2021년01월,경북,경유,1228.63
2021년02월,경북,경유,1246.98
2021년03월,경북,경유,1293.72
2021년04월,경북,경유,1315.95
2021년05월,경북,경유,1320.52
2021년06월,경북,경유,1358.6
2021년07월,경북,경유,1409.03
2021년08월,경북,경유,1423.35
2021년09월,경북,경유,1420.59
2021년10월,경북,경유,1493.46
2021년11월,경북,경유,1535.54
2021년12월,경북,경유,1457.26
2022년01월,경북,경유,1434.54
2022년02월,경북,경유,1520.09
2022년03월,경북,경유,1811.57
2022년04월,경북,경유,1892.46
2022년05월,경북,경유,1952.59
2022년06월,경북,경유,2075.86
2022년07월,경북,경유,2073.65
2022년08월,경북,경유,1876.89
2022년09월,경북,경유,1827.6
2022년10월,경북,경유,1819.46
2022년11월,경북,경유,1864.45
2022년12월,경북,경유,1766.77
2023년01월,경북,경유,1656.55
2023년02월,경북,경유,1586.6
2023년03월,경북,경유,1516.18
2023년04월,경북,경유,1514.51
2023년05월,경북,경유,1453.19
2023년06월,경북,경유,1374.45
2023년07월,경북,경유,1374.9
2023년08월,경북,경유,1555.07
2023년09월,경북,경유,1650.43
2023년10월,경북,경유,1675.65
2023년11월,경북,경유,1614.9
2023년12월,경북,경유,1509.03
2024년01월,경북,경유,1461.18
2024년02월,경북,경유,1501.49
2024년03월,경북,경유,1525.72
2024년04월,경북,경유,1542.65
2024년05월,경북,경유,1522.56
2024년06월,경북,경유,1466.84
2024년07월,경북,경유,1522.24
2024년08월,경북,경유,1511.44
2024년09월,경북,경유,1443.08
2024년10월,경북,경유,1407.34
2024년11월,경북,경유,1448.44
2024년12월,경북,경유,1488.14
2025년01월,경북,경유,1552.44
2025년02월,경북,경유,1582.48
2025년03월,경북,경유,1545.63
2025년04월,경북,경유,1499.47
2025년05월,경북,경유,1484.17
2020년01월,경남,경유,1381.84
2020년02월,경남,경유,1354.7
2020년03월,경남,경유,1262.1
2020년04월,경남,경유,1110.86
2020년05월,경남,경유,1044.39
2020년06월,경남,경유,1108.12
2020년07월,경남,경유,1146.95
2020년08월,경남,경유,1147.06
2020년09월,경남,경유,1138.37
2020년10월,경남,경유,1118.76
2020년11월,경남,경유,1104.21
2020년12월,경남,경유,1151.52
2021년01월,경남,경유,1227.59
2021년02월,경남,경유,1248.88
2021년03월,경남,경유,1298.02
2021년04월,경남,경유,1319.27
2021년05월,경남,경유,1325.39
2021년06월,경남,경유,1359.17
2021년07월,경남,경유,1411.02
2021년08월,경남,경유,1427.37
2021년09월,경남,경유,1425.11
2021년10월,경남,경유,1493.5
2021년11월,경남,경유,1534.24
2021년12월,경남,경유,1456.81
2022년01월,경남,경유,1440.06
2022년02월,경남,경유,1519.4
2022년03월,경남,경유,1819.61
2022년04월,경남,경유,1897.24
2022년05월,경남,경유,1953.14
2022년06월,경남,경유,2079.72
2022년07월,경남,경유,2080.48
2022년08월,경남,경유,1878.27
2022년09월,경남,경유,1832.29
2022년10월,경남,경유,1822.99
2022년11월,경남,경유,1867.93
2022년12월,경남,경유,1769.46
2023년01월,경남,경유,1662.75
2023년02월,경남,경유,1595.98
2023년03월,경남,경유,1528.82
2023년04월,경남,경유,1522.5
2023년05월,경남,경유,1464.94
2023년06월,경남,경유,1384.26
2023년07월,경남,경유,1379.06
2023년08월,경남,경유,1560.68
2023년09월,경남,경유,1655.23
2023년10월,경남,경유,1678.13
2023년11월,경남,경유,1617.67
2023년12월,경남,경유,1511.08
2024년01월,경남,경유,1464.49
2024년02월,경남,경유,1501.91
2024년03월,경남,경유,1524.79
2024년04월,경남,경유,1544.53
2024년05월,경남,경유,1531.27
2024년06월,경남,경유,1477.23
2024년07월,경남,경유,1524.91
2024년08월,경남,경유,1517.03
2024년09월,경남,경유,1448.29
2024년10월,경남,경유,1408.04
2024년11월,경남,경유,1445.46
2024년12월,경남,경유,1487.31
2025년01월,경남,경유,1555.61
2025년02월,경남,경유,1584.05
2025년03월,경남,경유,1545.85
2025년04월,경남,경유,1502.51
2025년05월,경남,경유,1488.69
2020년01월,제주,경유,1471.57
2020년02월,제주,경유,1437.27
2020년03월,제주,경유,1331.48
2020년04월,제주,경유,1198.05
2020년05월,제주,경유,1141.27
2020년06월,제주,경유,1194.09
2020년07월,제주,경유,1207.07
2020년08월,제주,경유,1206.94
2020년09월,제주,경유,1232.52
2020년10월,제주,경유,1176.24
2020년11월,제주,경유,1164.51
2020년12월,제주,경유,1214.89
2021년01월,제주,경유,1281.41
2021년02월,제주,경유,1341.93
2021년03월,제주,경유,1385.78
2021년04월,제주,경유,1411.21
2021년05월,제주,경유,1382.86
2021년06월,제주,경유,1373.31
2021년07월,제주,경유,1458.37
2021년08월,제주,경유,1489.04
2021년09월,제주,경유,1473.15
2021년10월,제주,경유,1562.54
2021년11월,제주,경유,1620.37
2021년12월,제주,경유,1498.25
2022년01월,제주,경유,1514.69
2022년02월,제주,경유,1640.22
2022년03월,제주,경유,1938.15
2022년04월,제주,경유,1989.02
2022년05월,제주,경유,2057.34
2022년06월,제주,경유,2184.71
2022년07월,제주,경유,2119.42
2022년08월,제주,경유,1945.41
2022년09월,제주,경유,1995.77
2022년10월,제주,경유,1977.39
2022년11월,제주,경유,1948.59
2022년12월,제주,경유,1760.24
2023년01월,제주,경유,1692.73
2023년02월,제주,경유,1627.73
2023년03월,제주,경유,1575.71
2023년04월,제주,경유,1567.99
2023년05월,제주,경유,1473.55
2023년06월,제주,경유,1414.28
2023년07월,제주,경유,1442.76
2023년08월,제주,경유,1644.37
2023년09월,제주,경유,1747.76
2023년10월,제주,경유,1742.99
2023년11월,제주,경유,1651.83
2023년12월,제주,경유,1538.5
2024년01월,제주,경유,1492.87
2024년02월,제주,경유,1586.23
2024년03월,제주,경유,1588.92
2024년04월,제주,경유,1635.42
2024년05월,제주,경유,1558.92
2024년06월,제주,경유,1530.89
2024년07월,제주,경유,1613.79
2024년08월,제주,경유,1564.53
2024년09월,제주,경유,1473.68
2024년10월,제주,경유,1453.94
2024년11월,제주,경유,1527.02
2024년12월,제주,경유,1548.79
2025년01월,제주,경유,1605.65
2025년02월,제주,경유,1645.38
2025년03월,제주,경유,1614.45
2025년04월,제주,경유,1559.51
2025년05월,제주,경유,1545.36
2020년01월,세종,경유,1402.9
2020년02월,세종,경유,1369.21
2020년03월,세종,경유,1278.36
2020년04월,세종,경유,1126.08
2020년05월,세종,경유,1065.27
2020년06월,세종,경유,1129.32
2020년07월,세종,경유,1162.72
2020년08월,세종,경유,1164.5
2020년09월,세종,경유,1153.24
2020년10월,세종,경유,1135.76
2020년11월,세종,경유,1124.28
2020년12월,세종,경유,1165.98
2021년01월,세종,경유,1243.14
2021년02월,세종,경유,1267.83
2021년03월,세종,경유,1316.19
2021년04월,세종,경유,1336.55
2021년05월,세종,경유,1345.02
2021년06월,세종,경유,1382.84
2021년07월,세종,경유,1428.38
2021년08월,세종,경유,1441.99
2021년09월,세종,경유,1439.5
2021년10월,세종,경유,1510.81
2021년11월,세종,경유,1547.61
2021년12월,세종,경유,1468.89
2022년01월,세종,경유,1451.76
2022년02월,세종,경유,1537.46
2022년03월,세종,경유,1827.47
2022년04월,세종,경유,1910.99
2022년05월,세종,경유,1960.32
2022년06월,세종,경유,2089.68
2022년07월,세종,경유,2091.98
2022년08월,세종,경유,1895.71
2022년09월,세종,경유,1860.8
2022년10월,세종,경유,1844.55
2022년11월,세종,경유,1886.8
2022년12월,세종,경유,1792.68
2023년01월,세종,경유,1689.99
2023년02월,세종,경유,1608.43
2023년03월,세종,경유,1538.61
2023년04월,세종,경유,1539.85
2023년05월,세종,경유,1478.17
2023년06월,세종,경유,1406.25
2023년07월,세종,경유,1403.73
2023년08월,세종,경유,1576.35
2023년09월,세종,경유,1671.04
2023년10월,세종,경유,1696.71
2023년11월,세종,경유,1630.38
2023년12월,세종,경유,1525
2024년01월,세종,경유,1485.53
2024년02월,세종,경유,1520.31
2024년03월,세종,경유,1540.37
2024년04월,세종,경유,1558.99
2024년05월,세종,경유,1541.58
2024년06월,세종,경유,1486.46
2024년07월,세종,경유,1541.33
2024년08월,세종,경유,1525.78
2024년09월,세종,경유,1459.24
2024년10월,세종,경유,1421.7
2024년11월,세종,경유,1465.74
2024년12월,세종,경유,1501.75
2025년01월,세종,경유,1565.55
2025년02월,세종,경유,1603.68
2025년03월,세종,경유,1560
2025년04월,세종,경유,1516.4
2025년05월,세종,경유,1501.89
2020년01월,서울,휘발유,1645.2
2020년02월,서울,휘발유,1621.28
2020년03월,서울,휘발유,1555.96
2020년04월,서울,휘발유,1415.85
2020년05월,서울,휘발유,1349.36
2020년06월,서울,휘발유,1419.02
2020년07월,서울,휘발유,1453.29
2020년08월,서울,휘발유,1456.56
2020년09월,서울,휘발유,1445.5
2020년10월,서울,휘발유,1425.29
2020년11월,서울,휘발유,1408.54
2020년12월,서울,휘발유,1450.21
2021년01월,서울,휘발유,1518.71
2021년02월,서울,휘발유,1546.17
2021년03월,서울,휘발유,1598.88
2021년04월,서울,휘발유,1614.21
2021년05월,서울,휘발유,1623.76
2021년06월,서울,휘발유,1660.54
2021년07월,서울,휘발유,1711.7
2021년08월,서울,휘발유,1729.24
2021년09월,서울,휘발유,1725.37
2021년10월,서울,휘발유,1794.03
2021년11월,서울,휘발유,1800.08
2021년12월,서울,휘발유,1705.75
2022년01월,서울,휘발유,1705.21
2022년02월,서울,휘발유,1782.07
2022년03월,서울,휘발유,2011.74
2022년04월,서울,휘발유,2036.85
2022년05월,서울,휘발유,2027.54
2022년06월,서울,휘발유,2151.49
2022년07월,서울,휘발유,2082.96
2022년08월,서울,휘발유,1858.73
2022년09월,서울,휘발유,1799.95
2022년10월,서울,휘발유,1737.66
2022년11월,서울,휘발유,1719.71
2022년12월,서울,휘발유,1648.98
2023년01월,서울,휘발유,1653.08
2023년02월,서울,휘발유,1656.92
2023년03월,서울,휘발유,1670.41
2023년04월,서울,휘발유,1722.47
2023년05월,서울,휘발유,1702.42
2023년06월,서울,휘발유,1650.65
2023년07월,서울,휘발유,1660.71
2023년08월,서울,휘발유,1797.88
2023년09월,서울,휘발유,1851.02
2023년10월,서울,휘발유,1853.67
2023년11월,서울,휘발유,1765.59
2023년12월,서울,휘발유,1677.89
2024년01월,서울,휘발유,1643.37
2024년02월,서울,휘발유,1699.49
2024년03월,서울,휘발유,1716.28
2024년04월,서울,휘발유,1762.31
2024년05월,서울,휘발유,1763.77
2024년06월,서울,휘발유,1718.99
2024년07월,서울,휘발유,1774.36
2024년08월,서울,휘발유,1751.89
2024년09월,서울,휘발유,1686.26
2024년10월,서울,휘발유,1659.71
2024년11월,서울,휘발유,1697.97
2024년12월,서울,휘발유,1714.1
2025년01월,서울,휘발유,1776.75
2025년02월,서울,휘발유,1791
2025년03월,서울,휘발유,1747.02
2025년04월,서울,휘발유,1711.84
2025년05월,서울,휘발유,1709.48
2020년01월,부산,휘발유,1545.59
2020년02월,부산,휘발유,1515.46
2020년03월,부산,휘발유,1441.52
2020년04월,부산,휘발유,1290.24
2020년05월,부산,휘발유,1231.99
2020년06월,부산,휘발유,1305.88
2020년07월,부산,휘발유,1348.78
2020년08월,부산,휘발유,1351.03
2020년09월,부산,휘발유,1339.59
2020년10월,부산,휘발유,1315
2020년11월,부산,휘발유,1302.05
2020년12월,부산,휘발유,1354.82
2021년01월,부산,휘발유,1434.06
2021년02월,부산,휘발유,1452.76
2021년03월,부산,휘발유,1507.82
2021년04월,부산,휘발유,1526.09
2021년05월,부산,휘발유,1530.51
2021년06월,부산,휘발유,1562.61
2021년07월,부산,휘발유,1621.01
2021년08월,부산,휘발유,1634.94
2021년09월,부산,휘발유,1630.9
2021년10월,부산,휘발유,1693.59
2021년11월,부산,휘발유,1708.36
2021년12월,부산,휘발유,1612.08
2022년01월,부산,휘발유,1610.81
2022년02월,부산,휘발유,1684.84
2022년03월,부산,휘발유,1932.87
2022년04월,부산,휘발유,1957.85
2022년05월,부산,휘발유,1945.55
2022년06월,부산,휘발유,2067
2022년07월,부산,휘발유,2005.21
2022년08월,부산,휘발유,1765.21
2022년09월,부산,휘발유,1704.03
2022년10월,부산,휘발유,1637.28
2022년11월,부산,휘발유,1626.36
2022년12월,부산,휘발유,1533.72
2023년01월,부산,휘발유,1536.98
2023년02월,부산,휘발유,1563.05
2023년03월,부산,휘발유,1577.09
2023년04월,부산,휘발유,1620.9
2023년05월,부산,휘발유,1612.1
2023년06월,부산,휘발유,1566.81
2023년07월,부산,휘발유,1565.73
2023년08월,부산,휘발유,1703.72
2023년09월,부산,휘발유,1754.89
2023년10월,부산,휘발유,1752.25
2023년11월,부산,휘발유,1660.64
2023년12월,부산,휘발유,1579.39
2024년01월,부산,휘발유,1549.83
2024년02월,부산,휘발유,1601.44
2024년03월,부산,휘발유,1626.35
2024년04월,부산,휘발유,1672.06
2024년05월,부산,휘발유,1671.95
2024년06월,부산,휘발유,1631.96
2024년07월,부산,휘발유,1693.62
2024년08월,부산,휘발유,1669.05
2024년09월,부산,휘발유,1602.57
2024년10월,부산,휘발유,1569.45
2024년11월,부산,휘발유,1608.46
2024년12월,부산,휘발유,1641.77
2025년01월,부산,휘발유,1710.9
2025년02월,부산,휘발유,1720.76
2025년03월,부산,휘발유,1669.56
2025년04월,부산,휘발유,1619.77
2025년05월,부산,휘발유,1611.86
2020년01월,대구,휘발유,1544.7
2020년02월,대구,휘발유,1516.62
2020년03월,대구,휘발유,1423.36
2020년04월,대구,휘발유,1270.59
2020년05월,대구,휘발유,1213.67
2020년06월,대구,휘발유,1295.21
2020년07월,대구,휘발유,1336.83
2020년08월,대구,휘발유,1334.38
2020년09월,대구,휘발유,1318.88
2020년10월,대구,휘발유,1298.83
2020년11월,대구,휘발유,1285.51
2020년12월,대구,휘발유,1342.61
2021년01월,대구,휘발유,1425.72
2021년02월,대구,휘발유,1440.32
2021년03월,대구,휘발유,1488.18
2021년04월,대구,휘발유,1510.76
2021년05월,대구,휘발유,1513.51
2021년06월,대구,휘발유,1550.97
2021년07월,대구,휘발유,1608.49
2021년08월,대구,휘발유,1622.81
2021년09월,대구,휘발유,1617.75
2021년10월,대구,휘발유,1691.12
2021년11월,대구,휘발유,1710.85
2021년12월,대구,휘발유,1615.44
2022년01월,대구,휘발유,1605.29
2022년02월,대구,휘발유,1690.74
2022년03월,대구,휘발유,1927.02
2022년04월,대구,휘발유,1951.61
2022년05월,대구,휘발유,1940.38
2022년06월,대구,휘발유,2055.92
2022년07월,대구,휘발유,1984.05
2022년08월,대구,휘발유,1738.56
2022년09월,대구,휘발유,1678.12
2022년10월,대구,휘발유,1605.57
2022년11월,대구,휘발유,1596.37
2022년12월,대구,휘발유,1498.61
2023년01월,대구,휘발유,1527.95
2023년02월,대구,휘발유,1548.25
2023년03월,대구,휘발유,1565.78
2023년04월,대구,휘발유,1614.64
2023년05월,대구,휘발유,1588.23
2023년06월,대구,휘발유,1542.56
2023년07월,대구,휘발유,1556.03
2023년08월,대구,휘발유,1698.17
2023년09월,대구,휘발유,1739.51
2023년10월,대구,휘발유,1725.01
2023년11월,대구,휘발유,1628.45
2023년12월,대구,휘발유,1549.2
2024년01월,대구,휘발유,1525.07
2024년02월,대구,휘발유,1585.46
2024년03월,대구,휘발유,1608.4
2024년04월,대구,휘발유,1658.55
2024년05월,대구,휘발유,1664.11
2024년06월,대구,휘발유,1624.17
2024년07월,대구,휘발유,1685.46
2024년08월,대구,휘발유,1662.35
2024년09월,대구,휘발유,1580.38
2024년10월,대구,휘발유,1554.13
2024년11월,대구,휘발유,1597.46
2024년12월,대구,휘발유,1622.96
2025년01월,대구,휘발유,1682.76
2025년02월,대구,휘발유,1700.37
2025년03월,대구,휘발유,1654.48
2025년04월,대구,휘발유,1606.34
2025년05월,대구,휘발유,1596.78
2020년01월,인천,휘발유,1573.77
2020년02월,인천,휘발유,1533.96
2020년03월,인천,휘발유,1450.81
2020년04월,인천,휘발유,1304.14
2020년05월,인천,휘발유,1246.67
2020년06월,인천,휘발유,1343.07
2020년07월,인천,휘발유,1363.24
2020년08월,인천,휘발유,1363
2020년09월,인천,휘발유,1344.71
2020년10월,인천,휘발유,1329.11
2020년11월,인천,휘발유,1312.41
2020년12월,인천,휘발유,1379.87
2021년01월,인천,휘발유,1456.65
2021년02월,인천,휘발유,1467.01
2021년03월,인천,휘발유,1518.6
2021년04월,인천,휘발유,1531.24
2021년05월,인천,휘발유,1539.52
2021년06월,인천,휘발유,1577.73
2021년07월,인천,휘발유,1632.92
2021년08월,인천,휘발유,1645.56
2021년09월,인천,휘발유,1644.65
2021년10월,인천,휘발유,1722.02
2021년11월,인천,휘발유,1730.46
2021년12월,인천,휘발유,1624.96
2022년01월,인천,휘발유,1623.79
2022년02월,인천,휘발유,1716.17
2022년03월,인천,휘발유,1949.49
2022년04월,인천,휘발유,1957.59
2022년05월,인천,휘발유,1955.83
2022년06월,인천,휘발유,2091.4
2022년07월,인천,휘발유,2004.28
2022년08월,인천,휘발유,1762.54
2022년09월,인천,휘발유,1706.96
2022년10월,인천,휘발유,1638.51
2022년11월,인천,휘발유,1615.83
2022년12월,인천,휘발유,1529.3
2023년01월,인천,휘발유,1554.7
2023년02월,인천,휘발유,1568.46
2023년03월,인천,휘발유,1584.77
2023년04월,인천,휘발유,1647.57
2023년05월,인천,휘발유,1612.64
2023년06월,인천,휘발유,1560.28
2023년07월,인천,휘발유,1581.77
2023년08월,인천,휘발유,1732.82
2023년09월,인천,휘발유,1769.46
2023년10월,인천,휘발유,1757
2023년11월,인천,휘발유,1651.75
2023년12월,인천,휘발유,1573.67
2024년01월,인천,휘발유,1550.71
2024년02월,인천,휘발유,1615.29
2024년03월,인천,휘발유,1639.79
2024년04월,인천,휘발유,1692.94
2024년05월,인천,휘발유,1687.26
2024년06월,인천,휘발유,1637.98
2024년07월,인천,휘발유,1711.54
2024년08월,인천,휘발유,1692.98
2024년09월,인천,휘발유,1611.92
2024년10월,인천,휘발유,1581.72
2024년11월,인천,휘발유,1623.54
2024년12월,인천,휘발유,1648.96
2025년01월,인천,휘발유,1712.94
2025년02월,인천,휘발유,1727.58
2025년03월,인천,휘발유,1666.62
2025년04월,인천,휘발유,1628.05
2025년05월,인천,휘발유,1625.09
2020년01월,광주,휘발유,1557.4
2020년02월,광주,휘발유,1532.68
2020년03월,광주,휘발유,1461.46
2020년04월,광주,휘발유,1319.26
2020년05월,광주,휘발유,1247.02
2020년06월,광주,휘발유,1303.87
2020년07월,광주,휘발유,1341.45
2020년08월,광주,휘발유,1338.65
2020년09월,광주,휘발유,1327.26
2020년10월,광주,휘발유,1307.3
2020년11월,광주,휘발유,1295.99
2020년12월,광주,휘발유,1352.02
2021년01월,광주,휘발유,1428.78
2021년02월,광주,휘발유,1446.52
2021년03월,광주,휘발유,1497.69
2021년04월,광주,휘발유,1518.01
2021년05월,광주,휘발유,1525.46
2021년06월,광주,휘발유,1568.49
2021년07월,광주,휘발유,1619.14
2021년08월,광주,휘발유,1634.29
2021년09월,광주,휘발유,1630.45
2021년10월,광주,휘발유,1696.15
2021년11월,광주,휘발유,1727.93
2021년12월,광주,휘발유,1645.13
2022년01월,광주,휘발유,1629.07
2022년02월,광주,휘발유,1701.7
2022년03월,광주,휘발유,1916.46
2022년04월,광주,휘발유,1964.83
2022년05월,광주,휘발유,1956.82
2022년06월,광주,휘발유,2056.66
2022년07월,광주,휘발유,2004.85
2022년08월,광주,휘발유,1768.6
2022년09월,광주,휘발유,1703.9
2022년10월,광주,휘발유,1638.33
2022년11월,광주,휘발유,1625.84
2022년12월,광주,휘발유,1540.44
2023년01월,광주,휘발유,1551.16
2023년02월,광주,휘발유,1567.24
2023년03월,광주,휘발유,1582.61
2023년04월,광주,휘발유,1620.91
2023년05월,광주,휘발유,1610.03
2023년06월,광주,휘발유,1567.54
2023년07월,광주,휘발유,1569.23
2023년08월,광주,휘발유,1683.02
2023년09월,광주,휘발유,1742.67
2023년10월,광주,휘발유,1746.06
2023년11월,광주,휘발유,1652.67
2023년12월,광주,휘발유,1580.04
2024년01월,광주,휘발유,1549.8
2024년02월,광주,휘발유,1596.45
2024년03월,광주,휘발유,1622.39
2024년04월,광주,휘발유,1671.4
2024년05월,광주,휘발유,1684.94
2024년06월,광주,휘발유,1648.52
2024년07월,광주,휘발유,1690.72
2024년08월,광주,휘발유,1677.03
2024년09월,광주,휘발유,1601.84
2024년10월,광주,휘발유,1568.89
2024년11월,광주,휘발유,1610.24
2024년12월,광주,휘발유,1637.38
2025년01월,광주,휘발유,1691.84
2025년02월,광주,휘발유,1713.82
2025년03월,광주,휘발유,1676.71
2025년04월,광주,휘발유,1629.56
2025년05월,광주,휘발유,1618.22
2020년01월,대전,휘발유,1568.32
2020년02월,대전,휘발유,1522.06
2020년03월,대전,휘발유,1427.18
2020년04월,대전,휘발유,1278.59
2020년05월,대전,휘발유,1229.98
2020년06월,대전,휘발유,1324.63
2020년07월,대전,휘발유,1352.55
2020년08월,대전,휘발유,1347.85
2020년09월,대전,휘발유,1333.15
2020년10월,대전,휘발유,1311.32
2020년11월,대전,휘발유,1305.98
2020년12월,대전,휘발유,1370.52
2021년01월,대전,휘발유,1439.95
2021년02월,대전,휘발유,1459.8
2021년03월,대전,휘발유,1507.84
2021년04월,대전,휘발유,1523.35
2021년05월,대전,휘발유,1534.63
2021년06월,대전,휘발유,1578.67
2021년07월,대전,휘발유,1627.93
2021년08월,대전,휘발유,1635.94
2021년09월,대전,휘발유,1632.36
2021년10월,대전,휘발유,1717.68
2021년11월,대전,휘발유,1731.84
2021년12월,대전,휘발유,1628.48
2022년01월,대전,휘발유,1629.56
2022년02월,대전,휘발유,1715.93
2022년03월,대전,휘발유,1951.38
2022년04월,대전,휘발유,1966.94
2022년05월,대전,휘발유,1958.98
2022년06월,대전,휘발유,2081.61
2022년07월,대전,휘발유,2003.97
2022년08월,대전,휘발유,1763.87
2022년09월,대전,휘발유,1716.63
2022년10월,대전,휘발유,1639.71
2022년11월,대전,휘발유,1618
2022년12월,대전,휘발유,1541.63
2023년01월,대전,휘발유,1565.21
2023년02월,대전,휘발유,1574.26
2023년03월,대전,휘발유,1584.75
2023년04월,대전,휘발유,1644.89
2023년05월,대전,휘발유,1614.21
2023년06월,대전,휘발유,1562.95
2023년07월,대전,휘발유,1573.95
2023년08월,대전,휘발유,1712.51
2023년09월,대전,휘발유,1759.24
2023년10월,대전,휘발유,1758.94
2023년11월,대전,휘발유,1658.83
2023년12월,대전,휘발유,1572.57
2024년01월,대전,휘발유,1548.97
2024년02월,대전,휘발유,1610.61
2024년03월,대전,휘발유,1630.16
2024년04월,대전,휘발유,1691.52
2024년05월,대전,휘발유,1691.95
2024년06월,대전,휘발유,1641.71
2024년07월,대전,휘발유,1711.69
2024년08월,대전,휘발유,1678.25
2024년09월,대전,휘발유,1597.74
2024년10월,대전,휘발유,1577.59
2024년11월,대전,휘발유,1620.95
2024년12월,대전,휘발유,1640.63
2025년01월,대전,휘발유,1701.97
2025년02월,대전,휘발유,1714.08
2025년03월,대전,휘발유,1661.47
2025년04월,대전,휘발유,1615.95
2025년05월,대전,휘발유,1618.32
2020년01월,울산,휘발유,1555.26
2020년02월,울산,휘발유,1536.36
2020년03월,울산,휘발유,1457.57
2020년04월,울산,휘발유,1311.92
2020년05월,울산,휘발유,1241.9
2020년06월,울산,휘발유,1304.36
2020년07월,울산,휘발유,1344.49
2020년08월,울산,휘발유,1347.79
2020년09월,울산,휘발유,1340.31
2020년10월,울산,휘발유,1320.53
2020년11월,울산,휘발유,1303.89
2020년12월,울산,휘발유,1354.76
2021년01월,울산,휘발유,1441.04
2021년02월,울산,휘발유,1457.3
2021년03월,울산,휘발유,1503.91
2021년04월,울산,휘발유,1520.67
2021년05월,울산,휘발유,1524.62
2021년06월,울산,휘발유,1557.78
2021년07월,울산,휘발유,1616.24
2021년08월,울산,휘발유,1631.83
2021년09월,울산,휘발유,1624.64
2021년10월,울산,휘발유,1694.2
2021년11월,울산,휘발유,1720.14
2021년12월,울산,휘발유,1619.99
2022년01월,울산,휘발유,1616.87
2022년02월,울산,휘발유,1695.82
2022년03월,울산,휘발유,1933.82
2022년04월,울산,휘발유,1956.99
2022년05월,울산,휘발유,1945.4
2022년06월,울산,휘발유,2068
2022년07월,울산,휘발유,2009.06
2022년08월,울산,휘발유,1757.09
2022년09월,울산,휘발유,1697.99
2022년10월,울산,휘발유,1646.56
2022년11월,울산,휘발유,1623.81
2022년12월,울산,휘발유,1528.85
2023년01월,울산,휘발유,1524.83
2023년02월,울산,휘발유,1544.28
2023년03월,울산,휘발유,1563.42
2023년04월,울산,휘발유,1617.4
2023년05월,울산,휘발유,1603.87
2023년06월,울산,휘발유,1551.6
2023년07월,울산,휘발유,1557.12
2023년08월,울산,휘발유,1708.33
2023년09월,울산,휘발유,1757.12
2023년10월,울산,휘발유,1753.48
2023년11월,울산,휘발유,1650.81
2023년12월,울산,휘발유,1566.46
2024년01월,울산,휘발유,1541.43
2024년02월,울산,휘발유,1595.92
2024년03월,울산,휘발유,1620.52
2024년04월,울산,휘발유,1664.12
2024년05월,울산,휘발유,1663
2024년06월,울산,휘발유,1626.72
2024년07월,울산,휘발유,1683.58
2024년08월,울산,휘발유,1659.8
2024년09월,울산,휘발유,1591.92
2024년10월,울산,휘발유,1562.47
2024년11월,울산,휘발유,1600.56
2024년12월,울산,휘발유,1634.97
2025년01월,울산,휘발유,1698.83
2025년02월,울산,휘발유,1715.63
2025년03월,울산,휘발유,1664.63
2025년04월,울산,휘발유,1610.06
2025년05월,울산,휘발유,1599.87
2020년01월,경기,휘발유,1575.74
2020년02월,경기,휘발유,1550.24
2020년03월,경기,휘발유,1471.66
2020년04월,경기,휘발유,1323.63
2020년05월,경기,휘발유,1259.28
2020년06월,경기,휘발유,1337.4
2020년07월,경기,휘발유,1371.46
2020년08월,경기,휘발유,1370.26
2020년09월,경기,휘발유,1357.75
2020년10월,경기,휘발유,1337.84
2020년11월,경기,휘발유,1324.58
2020년12월,경기,휘발유,1376.93
2021년01월,경기,휘발유,1451.14
2021년02월,경기,휘발유,1472.22
2021년03월,경기,휘발유,1521.57
2021년04월,경기,휘발유,1539.22
2021년05월,경기,휘발유,1546.43
2021년06월,경기,휘발유,1584.79
2021년07월,경기,휘발유,1637.01
2021년08월,경기,휘발유,1652.88
2021년09월,경기,휘발유,1648.47
2021년10월,경기,휘발유,1720.45
2021년11월,경기,휘발유,1744.76
2021년12월,경기,휘발유,1649.13
2022년01월,경기,휘발유,1639.79
2022년02월,경기,휘발유,1722.78
2022년03월,경기,휘발유,1947.8
2022년04월,경기,휘발유,1979.18
2022년05월,경기,휘발유,1971.16
2022년06월,경기,휘발유,2091.17
2022년07월,경기,휘발유,2032.7
2022년08월,경기,휘발유,1794.44
2022년09월,경기,휘발유,1733.2
2022년10월,경기,휘발유,1666.36
2022년11월,경기,휘발유,1648.76
2022년12월,경기,휘발유,1562.56
2023년01월,경기,휘발유,1568.06
2023년02월,경기,휘발유,1581.36
2023년03월,경기,휘발유,1594.64
2023년04월,경기,휘발유,1650.92
2023년05월,경기,휘발유,1631.74
2023년06월,경기,휘발유,1578.86
2023년07월,경기,휘발유,1589.54
2023년08월,경기,휘발유,1726.58
2023년09월,경기,휘발유,1775.06
2023년10월,경기,휘발유,1781.43
2023년11월,경기,휘발유,1683.31
2023년12월,경기,휘발유,1600.9
2024년01월,경기,휘발유,1570.69
2024년02월,경기,휘발유,1619.48
2024년03월,경기,휘발유,1644.33
2024년04월,경기,휘발유,1693.78
2024년05월,경기,휘발유,1701.46
2024년06월,경기,휘발유,1656.46
2024년07월,경기,휘발유,1712.69
2024년08월,경기,휘발유,1692.8
2024년09월,경기,휘발유,1620.04
2024년10월,경기,휘발유,1593.21
2024년11월,경기,휘발유,1633.47
2024년12월,경기,휘발유,1657.44
2025년01월,경기,휘발유,1713.31
2025년02월,경기,휘발유,1730.23
2025년03월,경기,휘발유,1681.76
2025년04월,경기,휘발유,1640.71
2025년05월,경기,휘발유,1634.49
2020년01월,강원,휘발유,1572.4
2020년02월,강원,휘발유,1559.28
2020년03월,강원,휘발유,1492.94
2020년04월,강원,휘발유,1352.35
2020년05월,강원,휘발유,1270.34
2020년06월,강원,휘발유,1327.75
2020년07월,강원,휘발유,1366.05
2020년08월,강원,휘발유,1370.6
2020년09월,강원,휘발유,1364.88
2020년10월,강원,휘발유,1348.68
2020년11월,강원,휘발유,1333.1
2020년12월,강원,휘발유,1370.58
2021년01월,강원,휘발유,1434.66
2021년02월,강원,휘발유,1458.3
2021년03월,강원,휘발유,1511.06
2021년04월,강원,휘발유,1536.65
2021년05월,강원,휘발유,1546.7
2021년06월,강원,휘발유,1582.56
2021년07월,강원,휘발유,1633.33
2021년08월,강원,휘발유,1652.97
2021년09월,강원,휘발유,1651.83
2021년10월,강원,휘발유,1718
2021년11월,강원,휘발유,1743.8
2021년12월,강원,휘발유,1660.67
2022년01월,강원,휘발유,1644.77
2022년02월,강원,휘발유,1716.05
2022년03월,강원,휘발유,1927.72
2022년04월,강원,휘발유,1984.95
2022년05월,강원,휘발유,1976.72
2022년06월,강원,휘발유,2091.48
2022년07월,강원,휘발유,2051.18
2022년08월,강원,휘발유,1818.56
2022년09월,강원,휘발유,1748.64
2022년10월,강원,휘발유,1684.92
2022년11월,강원,휘발유,1669.29
2022년12월,강원,휘발유,1587.65
2023년01월,강원,휘발유,1567.3
2023년02월,강원,휘발유,1585.35
2023년03월,강원,휘발유,1598.54
2023년04월,강원,휘발유,1640.4
2023년05월,강원,휘발유,1637.33
2023년06월,강원,휘발유,1591.54
2023년07월,강원,휘발유,1593.27
2023년08월,강원,휘발유,1723.24
2023년09월,강원,휘발유,1778.73
2023년10월,강원,휘발유,1798.14
2023년11월,강원,휘발유,1716.84
2023년12월,강원,휘발유,1623.77
2024년01월,강원,휘발유,1588.21
2024년02월,강원,휘발유,1625.06
2024년03월,강원,휘발유,1647.79
2024년04월,강원,휘발유,1693.73
2024년05월,강원,휘발유,1714.5
2024년06월,강원,휘발유,1673.27
2024년07월,강원,휘발유,1712.76
2024년08월,강원,휘발유,1705.08
2024년09월,강원,휘발유,1639.16
2024년10월,강원,휘발유,1603.09
2024년11월,강원,휘발유,1638.18
2024년12월,강원,휘발유,1662.11
2025년01월,강원,휘발유,1715.83
2025년02월,강원,휘발유,1741.62
2025년03월,강원,휘발유,1711.75
2025년04월,강원,휘발유,1673.95
2025년05월,강원,휘발유,1659.29
2020년01월,충북,휘발유,1573.26
2020년02월,충북,휘발유,1553.86
2020년03월,충북,휘발유,1481.28
2020년04월,충북,휘발유,1338.49
2020년05월,충북,휘발유,1267.58
2020년06월,충북,휘발유,1325.08
2020년07월,충북,휘발유,1363.04
2020년08월,충북,휘발유,1364.95
2020년09월,충북,휘발유,1359.31
2020년10월,충북,휘발유,1342.04
2020년11월,충북,휘발유,1325.41
2020년12월,충북,휘발유,1372.91
2021년01월,충북,휘발유,1443.69
2021년02월,충북,휘발유,1465.03
2021년03월,충북,휘발유,1516.85
2021년04월,충북,휘발유,1537.86
2021년05월,충북,휘발유,1545.6
2021년06월,충북,휘발유,1580.18
2021년07월,충북,휘발유,1629.7
2021년08월,충북,휘발유,1647.73
2021년09월,충북,휘발유,1645.68
2021년10월,충북,휘발유,1716.55
2021년11월,충북,휘발유,1742.68
2021년12월,충북,휘발유,1657.24
2022년01월,충북,휘발유,1644.24
2022년02월,충북,휘발유,1720.06
2022년03월,충북,휘발유,1939.24
2022년04월,충북,휘발유,1985.18
2022년05월,충북,휘발유,1975.79
2022년06월,충북,휘발유,2088.41
2022년07월,충북,휘발유,2040.36
2022년08월,충북,휘발유,1802.07
2022년09월,충북,휘발유,1741.85
2022년10월,충북,휘발유,1676.98
2022년11월,충북,휘발유,1658.64
2022년12월,충북,휘발유,1581.57
2023년01월,충북,휘발유,1572.06
2023년02월,충북,휘발유,1585.18
2023년03월,충북,휘발유,1599.06
2023년04월,충북,휘발유,1643.33
2023년05월,충북,휘발유,1638.49
2023년06월,충북,휘발유,1590.66
2023년07월,충북,휘발유,1592.29
2023년08월,충북,휘발유,1717.95
2023년09월,충북,휘발유,1772.52
2023년10월,충북,휘발유,1789.68
2023년11월,충북,휘발유,1703.7
2023년12월,충북,휘발유,1616.91
2024년01월,충북,휘발유,1581.85
2024년02월,충북,휘발유,1620.19
2024년03월,충북,휘발유,1643.21
2024년04월,충북,휘발유,1696.34
2024년05월,충북,휘발유,1707.79
2024년06월,충북,휘발유,1668.88
2024년07월,충북,휘발유,1711.28
2024년08월,충북,휘발유,1696.43
2024년09월,충북,휘발유,1633.39
2024년10월,충북,휘발유,1603.69
2024년11월,충북,휘발유,1637.88
2024년12월,충북,휘발유,1662.62
2025년01월,충북,휘발유,1714.62
2025년02월,충북,휘발유,1733.52
2025년03월,충북,휘발유,1700.12
2025년04월,충북,휘발유,1657.8
2025년05월,충북,휘발유,1646.01
2020년01월,충남,휘발유,1569.96
2020년02월,충남,휘발유,1548.63
2020년03월,충남,휘발유,1476.45
2020년04월,충남,휘발유,1334.74
2020년05월,충남,휘발유,1262.78
2020년06월,충남,휘발유,1325.78
2020년07월,충남,휘발유,1361.58
2020년08월,충남,휘발유,1362.18
2020년09월,충남,휘발유,1354.68
2020년10월,충남,휘발유,1336.42
2020년11월,충남,휘발유,1323.39
2020년12월,충남,휘발유,1368.09
2021년01월,충남,휘발유,1437.01
2021년02월,충남,휘발유,1461.61
2021년03월,충남,휘발유,1511.65
2021년04월,충남,휘발유,1534.82
2021년05월,충남,휘발유,1544.25
2021년06월,충남,휘발유,1580.48
2021년07월,충남,휘발유,1628.27
2021년08월,충남,휘발유,1644.48
2021년09월,충남,휘발유,1643.36
2021년10월,충남,휘발유,1713.83
2021년11월,충남,휘발유,1742.63
2021년12월,충남,휘발유,1652.43
2022년01월,충남,휘발유,1641.5
2022년02월,충남,휘발유,1716.52
2022년03월,충남,휘발유,1937.99
2022년04월,충남,휘발유,1982.15
2022년05월,충남,휘발유,1972
2022년06월,충남,휘발유,2085.73
2022년07월,충남,휘발유,2042.94
2022년08월,충남,휘발유,1803.56
2022년09월,충남,휘발유,1739.48
2022년10월,충남,휘발유,1680.07
2022년11월,충남,휘발유,1664.84
2022년12월,충남,휘발유,1583.19
2023년01월,충남,휘발유,1568.66
2023년02월,충남,휘발유,1582.89
2023년03월,충남,휘발유,1598.22
2023년04월,충남,휘발유,1644.94
2023년05월,충남,휘발유,1640.86
2023년06월,충남,휘발유,1593.7
2023년07월,충남,휘발유,1593.12
2023년08월,충남,휘발유,1715.34
2023년09월,충남,휘발유,1771.92
2023년10월,충남,휘발유,1787.92
2023년11월,충남,휘발유,1700.9
2023년12월,충남,휘발유,1613.47
2024년01월,충남,휘발유,1576.47
2024년02월,충남,휘발유,1614.71
2024년03월,충남,휘발유,1642.22
2024년04월,충남,휘발유,1689.3
2024년05월,충남,휘발유,1702.96
2024년06월,충남,휘발유,1664.73
2024년07월,충남,휘발유,1705.73
2024년08월,충남,휘발유,1696.51
2024년09월,충남,휘발유,1636.64
2024년10월,충남,휘발유,1602.06
2024년11월,충남,휘발유,1633.82
2024년12월,충남,휘발유,1657.4
2025년01월,충남,휘발유,1709.8
2025년02월,충남,휘발유,1731.02
2025년03월,충남,휘발유,1694.14
2025년04월,충남,휘발유,1652.03
2025년05월,충남,휘발유,1643.27
2020년01월,전북,휘발유,1563.79
2020년02월,전북,휘발유,1533.97
2020년03월,전북,휘발유,1453.52
2020년04월,전북,휘발유,1309.15
2020년05월,전북,휘발유,1240.29
2020년06월,전북,휘발유,1307.24
2020년07월,전북,휘발유,1347.73
2020년08월,전북,휘발유,1347.45
2020년09월,전북,휘발유,1339.96
2020년10월,전북,휘발유,1319.71
2020년11월,전북,휘발유,1308.82
2020년12월,전북,휘발유,1355.62
2021년01월,전북,휘발유,1430.05
2021년02월,전북,휘발유,1449.25
2021년03월,전북,휘발유,1500.44
2021년04월,전북,휘발유,1525.19
2021년05월,전북,휘발유,1535.42
2021년06월,전북,휘발유,1570.22
2021년07월,전북,휘발유,1618.27
2021년08월,전북,휘발유,1632.96
2021년09월,전북,휘발유,1628.86
2021년10월,전북,휘발유,1699.71
2021년11월,전북,휘발유,1732.5
2021년12월,전북,휘발유,1640.49
2022년01월,전북,휘발유,1625.09
2022년02월,전북,휘발유,1711.9
2022년03월,전북,휘발유,1920.67
2022년04월,전북,휘발유,1967.66
2022년05월,전북,휘발유,1963.03
2022년06월,전북,휘발유,2072.09
2022년07월,전북,휘발유,2024.81
2022년08월,전북,휘발유,1787.68
2022년09월,전북,휘발유,1724.69
2022년10월,전북,휘발유,1663.69
2022년11월,전북,휘발유,1648.31
2022년12월,전북,휘발유,1558.42
2023년01월,전북,휘발유,1549.87
2023년02월,전북,휘발유,1565
2023년03월,전북,휘발유,1577.66
2023년04월,전북,휘발유,1631.16
2023년05월,전북,휘발유,1619.45
2023년06월,전북,휘발유,1573.5
2023년07월,전북,휘발유,1582.54
2023년08월,전북,휘발유,1703.78
2023년09월,전북,휘발유,1756.68
2023년10월,전북,휘발유,1763.67
2023년11월,전북,휘발유,1672.33
2023년12월,전북,휘발유,1593.99
2024년01월,전북,휘발유,1563.93
2024년02월,전북,휘발유,1601.74
2024년03월,전북,휘발유,1627.17
2024년04월,전북,휘발유,1679.23
2024년05월,전북,휘발유,1692.23
2024년06월,전북,휘발유,1655.01
2024년07월,전북,휘발유,1697.54
2024년08월,전북,휘발유,1683.13
2024년09월,전북,휘발유,1616.36
2024년10월,전북,휘발유,1586.85
2024년11월,전북,휘발유,1615.15
2024년12월,전북,휘발유,1640.49
2025년01월,전북,휘발유,1691.81
2025년02월,전북,휘발유,1710.87
2025년03월,전북,휘발유,1680.36
2025년04월,전북,휘발유,1642.85
2025년05월,전북,휘발유,1631.27
2020년01월,전남,휘발유,1558.77
2020년02월,전남,휘발유,1546.26
2020년03월,전남,휘발유,1484.39
2020년04월,전남,휘발유,1345.66
2020년05월,전남,휘발유,1264.7
2020년06월,전남,휘발유,1307.19
2020년07월,전남,휘발유,1348.95
2020년08월,전남,휘발유,1354.77
2020년09월,전남,휘발유,1351.5
2020년10월,전남,휘발유,1337.73
2020년11월,전남,휘발유,1322.75
2020년12월,전남,휘발유,1358.57
2021년01월,전남,휘발유,1434.47
2021년02월,전남,휘발유,1455.27
2021년03월,전남,휘발유,1503.12
2021년04월,전남,휘발유,1528.28
2021년05월,전남,휘발유,1535.77
2021년06월,전남,휘발유,1570.86
2021년07월,전남,휘발유,1622.2
2021년08월,전남,휘발유,1641.53
2021년09월,전남,휘발유,1640.97
2021년10월,전남,휘발유,1702.12
2021년11월,전남,휘발유,1733.88
2021년12월,전남,휘발유,1658.72
2022년01월,전남,휘발유,1640.23
2022년02월,전남,휘발유,1706.67
2022년03월,전남,휘발유,1919.55
2022년04월,전남,휘발유,1983.23
2022년05월,전남,휘발유,1968.69
2022년06월,전남,휘발유,2074.81
2022년07월,전남,휘발유,2043.37
2022년08월,전남,휘발유,1814.56
2022년09월,전남,휘발유,1742.3
2022년10월,전남,휘발유,1682.66
2022년11월,전남,휘발유,1666.92
2022년12월,전남,휘발유,1588.66
2023년01월,전남,휘발유,1568.83
2023년02월,전남,휘발유,1582.99
2023년03월,전남,휘발유,1595.22
2023년04월,전남,휘발유,1636.25
2023년05월,전남,휘발유,1636.14
2023년06월,전남,휘발유,1590.97
2023년07월,전남,휘발유,1584.97
2023년08월,전남,휘발유,1700.26
2023년09월,전남,휘발유,1763.9
2023년10월,전남,휘발유,1781.46
2023년11월,전남,휘발유,1701.95
2023년12월,전남,휘발유,1616.11
2024년01월,전남,휘발유,1580.71
2024년02월,전남,휘발유,1608.65
2024년03월,전남,휘발유,1637.46
2024년04월,전남,휘발유,1682.22
2024년05월,전남,휘발유,1704.38
2024년06월,전남,휘발유,1672.97
2024년07월,전남,휘발유,1707.32
2024년08월,전남,휘발유,1701.31
2024년09월,전남,휘발유,1639.23
2024년10월,전남,휘발유,1598.86
2024년11월,전남,휘발유,1628.5
2024년12월,전남,휘발유,1654.73
2025년01월,전남,휘발유,1705.4
2025년02월,전남,휘발유,1729.64
2025년03월,전남,휘발유,1704.94
2025년04월,전남,휘발유,1664.88
2025년05월,전남,휘발유,1648.36
2020년01월,경북,휘발유,1553.58
2020년02월,경북,휘발유,1535.98
2020년03월,경북,휘발유,1454.05
2020년04월,경북,휘발유,1307.42
2020년05월,경북,휘발유,1238.33
2020년06월,경북,휘발유,1302.16
2020년07월,경북,휘발유,1344.55
2020년08월,경북,휘발유,1345.4
2020년09월,경북,휘발유,1335.68
2020년10월,경북,휘발유,1314.34
2020년11월,경북,휘발유,1300.51
2020년12월,경북,휘발유,1349.41
2021년01월,경북,휘발유,1428.6
2021년02월,경북,휘발유,1447.35
2021년03월,경북,휘발유,1495.05
2021년04월,경북,휘발유,1518.42
2021년05월,경북,휘발유,1523.46
2021년06월,경북,휘발유,1561.64
2021년07월,경북,휘발유,1612.92
2021년08월,경북,휘발유,1628.48
2021년09월,경북,휘발유,1625.94
2021년10월,경북,휘발유,1696.88
2021년11월,경북,휘발유,1724.97
2021년12월,경북,휘발유,1636.61
2022년01월,경북,휘발유,1618.44
2022년02월,경북,휘발유,1702.47
2022년03월,경북,휘발유,1927.53
2022년04월,경북,휘발유,1968.18
2022년05월,경북,휘발유,1955.87
2022년06월,경북,휘발유,2070.26
2022년07월,경북,휘발유,2019.5
2022년08월,경북,휘발유,1775.46
2022년09월,경북,휘발유,1711.39
2022년10월,경북,휘발유,1652.9
2022년11월,경북,휘발유,1638.15
2022년12월,경북,휘발유,1543.14
2023년01월,경북,휘발유,1544.74
2023년02월,경북,휘발유,1566.2
2023년03월,경북,휘발유,1578.21
2023년04월,경북,휘발유,1625.41
2023년05월,경북,휘발유,1616.88
2023년06월,경북,휘발유,1568.55
2023년07월,경북,휘발유,1570.59
2023년08월,경북,휘발유,1710.84
2023년09월,경북,휘발유,1758.05
2023년10월,경북,휘발유,1761.59
2023년11월,경북,휘발유,1666.13
2023년12월,경북,휘발유,1582.71
2024년01월,경북,휘발유,1553.59
2024년02월,경북,휘발유,1600.85
2024년03월,경북,휘발유,1627.23
2024년04월,경북,휘발유,1671.23
2024년05월,경북,휘발유,1685.16
2024년06월,경북,휘발유,1645.14
2024년07월,경북,휘발유,1695.83
2024년08월,경북,휘발유,1681.54
2024년09월,경북,휘발유,1609.24
2024년10월,경북,휘발유,1577.27
2024년11월,경북,휘발유,1617.25
2024년12월,경북,휘발유,1647.02
2025년01월,경북,휘발유,1702
2025년02월,경북,휘발유,1722.86
2025년03월,경북,휘발유,1686.76
2025년04월,경북,휘발유,1639.99
2025년05월,경북,휘발유,1624.83
2020년01월,경남,휘발유,1547.44
2020년02월,경남,휘발유,1526.5
2020년03월,경남,휘발유,1449.75
2020년04월,경남,휘발유,1301.97
2020년05월,경남,휘발유,1233.74
2020년06월,경남,휘발유,1301.82
2020년07월,경남,휘발유,1343.48
2020년08월,경남,휘발유,1344.14
2020년09월,경남,휘발유,1336.07
2020년10월,경남,휘발유,1317.45
2020년11월,경남,휘발유,1303.88
2020년12월,경남,휘발유,1350.47
2021년01월,경남,휘발유,1426.77
2021년02월,경남,휘발유,1448.77
2021년03월,경남,휘발유,1498.61
2021년04월,경남,휘발유,1520.76
2021년05월,경남,휘발유,1527.57
2021년06월,경남,휘발유,1561.72
2021년07월,경남,휘발유,1614.17
2021년08월,경남,휘발유,1632.49
2021년09월,경남,휘발유,1630.51
2021년10월,경남,휘발유,1696.18
2021년11월,경남,휘발유,1721.43
2021년12월,경남,휘발유,1633.57
2022년01월,경남,휘발유,1621.17
2022년02월,경남,휘발유,1695.89
2022년03월,경남,휘발유,1925.08
2022년04월,경남,휘발유,1963.78
2022년05월,경남,휘발유,1952.24
2022년06월,경남,휘발유,2072.08
2022년07월,경남,휘발유,2022.93
2022년08월,경남,휘발유,1780.17
2022년09월,경남,휘발유,1718.32
2022년10월,경남,휘발유,1659.87
2022년11월,경남,휘발유,1644.96
2022년12월,경남,휘발유,1551.57
2023년01월,경남,휘발유,1545.15
2023년02월,경남,휘발유,1566.91
2023년03월,경남,휘발유,1579.99
2023년04월,경남,휘발유,1622.96
2023년05월,경남,휘발유,1616.51
2023년06월,경남,휘발유,1570.54
2023년07월,경남,휘발유,1568.96
2023년08월,경남,휘발유,1697.55
2023년09월,경남,휘발유,1752.92
2023년10월,경남,휘발유,1759.51
2023년11월,경남,휘발유,1670.67
2023년12월,경남,휘발유,1589.18
2024년01월,경남,휘발유,1557.21
2024년02월,경남,휘발유,1597.84
2024년03월,경남,휘발유,1623.95
2024년04월,경남,휘발유,1671.47
2024년05월,경남,휘발유,1684.32
2024년06월,경남,휘발유,1645.74
2024년07월,경남,휘발유,1691
2024년08월,경남,휘발유,1680.81
2024년09월,경남,휘발유,1614.19
2024년10월,경남,휘발유,1580.96
2024년11월,경남,휘발유,1614.18
2024년12월,경남,휘발유,1641.21
2025년01월,경남,휘발유,1698.28
2025년02월,경남,휘발유,1715.46
2025년03월,경남,휘발유,1677.71
2025년04월,경남,휘발유,1634.76
2025년05월,경남,휘발유,1623.07
2020년01월,제주,휘발유,1641.35
2020년02월,제주,휘발유,1606.03
2020년03월,제주,휘발유,1513.06
2020년04월,제주,휘발유,1355.27
2020년05월,제주,휘발유,1278.69
2020년06월,제주,휘발유,1358.04
2020년07월,제주,휘발유,1373.2
2020년08월,제주,휘발유,1373.12
2020년09월,제주,휘발유,1412.35
2020년10월,제주,휘발유,1384.73
2020년11월,제주,휘발유,1372.6
2020년12월,제주,휘발유,1417.5
2021년01월,제주,휘발유,1474.33
2021년02월,제주,휘발유,1533.85
2021년03월,제주,휘발유,1588.83
2021년04월,제주,휘발유,1626.37
2021년05월,제주,휘발유,1605.11
2021년06월,제주,휘발유,1594.9
2021년07월,제주,휘발유,1671.25
2021년08월,제주,휘발유,1697.43
2021년09월,제주,휘발유,1685.21
2021년10월,제주,휘발유,1758.97
2021년11월,제주,휘발유,1792.08
2021년12월,제주,휘발유,1672.51
2022년01월,제주,휘발유,1680.14
2022년02월,제주,휘발유,1782.85
2022년03월,제주,휘발유,2021.09
2022년04월,제주,휘발유,2009.32
2022년05월,제주,휘발유,2008.97
2022년06월,제주,휘발유,2162.68
2022년07월,제주,휘발유,2027.89
2022년08월,제주,휘발유,1823.53
2022년09월,제주,휘발유,1789.73
2022년10월,제주,휘발유,1704.96
2022년11월,제주,휘발유,1678.56
2022년12월,제주,휘발유,1574.46
2023년01월,제주,휘발유,1642.61
2023년02월,제주,휘발유,1634.01
2023년03월,제주,휘발유,1657.06
2023년04월,제주,휘발유,1686.85
2023년05월,제주,휘발유,1648.48
2023년06월,제주,휘발유,1613.07
2023년07월,제주,휘발유,1634.78
2023년08월,제주,휘발유,1750.15
2023년09월,제주,휘발유,1820.23
2023년10월,제주,휘발유,1800.95
2023년11월,제주,휘발유,1702.3
2023년12월,제주,휘발유,1628.8
2024년01월,제주,휘발유,1598.59
2024년02월,제주,휘발유,1680.29
2024년03월,제주,휘발유,1684.06
2024년04월,제주,휘발유,1757.66
2024년05월,제주,휘발유,1705.75
2024년06월,제주,휘발유,1682.44
2024년07월,제주,휘발유,1757.52
2024년08월,제주,휘발유,1713.11
2024년09월,제주,휘발유,1625.85
2024년10월,제주,휘발유,1609.92
2024년11월,제주,휘발유,1674.36
2024년12월,제주,휘발유,1691.59
2025년01월,제주,휘발유,1743.1
2025년02월,제주,휘발유,1768.41
2025년03월,제주,휘발유,1751.84
2025년04월,제주,휘발유,1709.51
2025년05월,제주,휘발유,1689
2020년01월,세종,휘발유,1569.23
2020년02월,세종,휘발유,1537.03
2020년03월,세종,휘발유,1460.35
2020년04월,세종,휘발유,1311.66
2020년05월,세종,휘발유,1244.93
2020년06월,세종,휘발유,1319.66
2020년07월,세종,휘발유,1356.27
2020년08월,세종,휘발유,1358.33
2020년09월,세종,휘발유,1347.6
2020년10월,세종,휘발유,1328.75
2020년11월,세종,휘발유,1317.8
2020년12월,세종,휘발유,1361.55
2021년01월,세종,휘발유,1438.72
2021년02월,세종,휘발유,1463.43
2021년03월,세종,휘발유,1512.58
2021년04월,세종,휘발유,1535.3
2021년05월,세종,휘발유,1544.32
2021년06월,세종,휘발유,1583.08
2021년07월,세종,휘발유,1629.75
2021년08월,세종,휘발유,1645.07
2021년09월,세종,휘발유,1642.9
2021년10월,세종,휘발유,1713.26
2021년11월,세종,휘발유,1733.75
2021년12월,세종,휘발유,1642.59
2022년01월,세종,휘발유,1631.3
2022년02월,세종,휘발유,1710.82
2022년03월,세종,휘발유,1935.61
2022년04월,세종,휘발유,1977.46
2022년05월,세종,휘발유,1960.99
2022년06월,세종,휘발유,2083.76
2022년07월,세종,휘발유,2038.12
2022년08월,세종,휘발유,1797.57
2022년09월,세종,휘발유,1743.81
2022년10월,세종,휘발유,1679.43
2022년11월,세종,휘발유,1659.96
2022년12월,세종,휘발유,1558.79
2023년01월,세종,휘발유,1557.45
2023년02월,세종,휘발유,1571.22
2023년03월,세종,휘발유,1586.59
2023년04월,세종,휘발유,1640.57
2023년05월,세종,휘발유,1628.18
2023년06월,세종,휘발유,1582.42
2023년07월,세종,휘발유,1584.38
2023년08월,세종,휘발유,1717.82
2023년09월,세종,휘발유,1773.89
2023년10월,세종,휘발유,1784.75
2023년11월,세종,휘발유,1683.37
2023년12월,세종,휘발유,1593.51
2024년01월,세종,휘발유,1568.53
2024년02월,세종,휘발유,1613.03
2024년03월,세종,휘발유,1636.13
2024년04월,세종,휘발유,1685.86
2024년05월,세종,휘발유,1696.38
2024년06월,세종,휘발유,1654.86
2024년07월,세종,휘발유,1705.75
2024년08월,세종,휘발유,1689.1
2024년09월,세종,휘발유,1622.58
2024년10월,세종,휘발유,1587.6
2024년11월,세종,휘발유,1631.65
2024년12월,세종,휘발유,1655.37
2025년01월,세종,휘발유,1705.81
2025년02월,세종,휘발유,1731.24
2025년03월,세종,휘발유,1683.17
2025년04월,세종,휘발유,1642.37
2025년05월,세종,휘발유,1631.47
2020년01월,서울,LPG,872.48
2020년02월,서울,LPG,928.65
2020년03월,서울,LPG,928.5
2020년04월,서울,LPG,869.06
2020년05월,서울,LPG,774.69
2020년06월,서울,LPG,806.03
2020년07월,서울,LPG,817.43
2020년08월,서울,LPG,817.44
2020년09월,서울,LPG,829.33
2020년10월,서울,LPG,829.37
2020년11월,서울,LPG,829.33
2020년12월,서울,LPG,855.47
2021년01월,서울,LPG,855.57
2021년02월,서울,LPG,907.33
2021년03월,서울,LPG,959.13
2021년04월,서울,LPG,959.2
2021년05월,서울,LPG,959.27
2021년06월,서울,LPG,936.42
2021년07월,서울,LPG,965.14
2021년08월,서울,LPG,1012.12
2021년09월,서울,LPG,1040.84
2021년10월,서울,LPG,1041.22
2021년11월,서울,LPG,1113.12
2021년12월,서울,LPG,1149.99
2022년01월,서울,LPG,1132.98
2022년02월,서울,LPG,1110.34
2022년03월,서울,LPG,1144.64
2022년04월,서울,LPG,1226.93
2022년05월,서울,LPG,1195.72
2022년06월,서울,LPG,1194.99
2022년07월,서울,LPG,1157.94
2022년08월,서울,LPG,1145.89
2022년09월,서울,LPG,1106.08
2022년10월,서울,LPG,1105.9
2022년11월,서울,LPG,1089.07
2022년12월,서울,LPG,1078.1
2023년01월,서울,LPG,1077.99
2023년02월,서울,LPG,1049.66
2023년03월,서울,LPG,1049.34
2023년04월,서울,LPG,1049.24
2023년05월,서울,LPG,1049.07
2023년06월,서울,LPG,1019.3
2023년07월,서울,LPG,958.24
2023년08월,서울,LPG,921.06
2023년09월,서울,LPG,949.71
2023년10월,서울,LPG,996.08
2023년11월,서울,LPG,1028.12
2023년12월,서울,LPG,1028.05
2024년01월,서울,LPG,1028.39
2024년02월,서울,LPG,1028.24
2024년03월,서울,LPG,1027.99
2024년04월,서울,LPG,1028.02
2024년05월,서울,LPG,1028.09
2024년06월,서울,LPG,1027.78
2024년07월,서울,LPG,1040.79
2024년08월,서울,LPG,1075.98
2024년09월,서울,LPG,1076.15
2024년10월,서울,LPG,1076.04
2024년11월,서울,LPG,1090.09
2024년12월,서울,LPG,1119.02
2025년01월,서울,LPG,1119.11
2025년02월,서울,LPG,1134.07
2025년03월,서울,LPG,1134.16
2025년04월,서울,LPG,1134.08
2025년05월,서울,LPG,1150.32
2020년01월,부산,LPG,811.09
2020년02월,부산,LPG,864.4
2020년03월,부산,LPG,865.11
2020년04월,부산,LPG,806.73
2020년05월,부산,LPG,709.19
2020년06월,부산,LPG,739.29
2020년07월,부산,LPG,752.88
2020년08월,부산,LPG,753.25
2020년09월,부산,LPG,763.07
2020년10월,부산,LPG,763.58
2020년11월,부산,LPG,763.82
2020년12월,부산,LPG,790.61
2021년01월,부산,LPG,791.3
2021년02월,부산,LPG,843.33
2021년03월,부산,LPG,895.72
2021년04월,부산,LPG,896.11
2021년05월,부산,LPG,895.63
2021년06월,부산,LPG,875.09
2021년07월,부산,LPG,903.38
2021년08월,부산,LPG,949.72
2021년09월,부산,LPG,978.95
2021년10월,부산,LPG,977.71
2021년11월,부산,LPG,1044.99
2021년12월,부산,LPG,1080.78
2022년01월,부산,LPG,1063.97
2022년02월,부산,LPG,1041.2
2022년03월,부산,LPG,1075.69
2022년04월,부산,LPG,1157.46
2022년05월,부산,LPG,1123.92
2022년06월,부산,LPG,1127.34
2022년07월,부산,LPG,1091.8
2022년08월,부산,LPG,1082.28
2022년09월,부산,LPG,1043.55
2022년10월,부산,LPG,1043.59
2022년11월,부산,LPG,1024.84
2022년12월,부산,LPG,1011.24
2023년01월,부산,LPG,1013.78
2023년02월,부산,LPG,987.86
2023년03월,부산,LPG,987.61
2023년04월,부산,LPG,986.11
2023년05월,부산,LPG,987.33
2023년06월,부산,LPG,953.54
2023년07월,부산,LPG,893.67
2023년08월,부산,LPG,857.83
2023년09월,부산,LPG,885.15
2023년10월,부산,LPG,931.3
2023년11월,부산,LPG,963.77
2023년12월,부산,LPG,964.39
2024년01월,부산,LPG,964.12
2024년02월,부산,LPG,964.24
2024년03월,부산,LPG,964.23
2024년04월,부산,LPG,964.16
2024년05월,부산,LPG,963.28
2024년06월,부산,LPG,963.27
2024년07월,부산,LPG,972.44
2024년08월,부산,LPG,1006.31
2024년09월,부산,LPG,1005.84
2024년10월,부산,LPG,1005.43
2024년11월,부산,LPG,1018.92
2024년12월,부산,LPG,1047.69
2025년01월,부산,LPG,1051.33
2025년02월,부산,LPG,1065.82
2025년03월,부산,LPG,1065.95
2025년04월,부산,LPG,1065.05
2025년05월,부산,LPG,1082.21
2020년01월,대구,LPG,849.92
2020년02월,대구,LPG,904.87
2020년03월,대구,LPG,905.5
2020년04월,대구,LPG,847.33
2020년05월,대구,LPG,756.69
2020년06월,대구,LPG,782.83
2020년07월,대구,LPG,792.45
2020년08월,대구,LPG,792.9
2020년09월,대구,LPG,803.98
2020년10월,대구,LPG,803.53
2020년11월,대구,LPG,803.54
2020년12월,대구,LPG,827.72
2021년01월,대구,LPG,828.44
2021년02월,대구,LPG,878.31
2021년03월,대구,LPG,930.77
2021년04월,대구,LPG,931.7
2021년05월,대구,LPG,931.98
2021년06월,대구,LPG,910.15
2021년07월,대구,LPG,937.44
2021년08월,대구,LPG,983.78
2021년09월,대구,LPG,1012.6
2021년10월,대구,LPG,1013.42
2021년11월,대구,LPG,1084.84
2021년12월,대구,LPG,1120.58
2022년01월,대구,LPG,1104.02
2022년02월,대구,LPG,1082.83
2022년03월,대구,LPG,1115.68
2022년04월,대구,LPG,1194.32
2022년05월,대구,LPG,1163.67
2022년06월,대구,LPG,1163.57
2022년07월,대구,LPG,1127.66
2022년08월,대구,LPG,1116.17
2022년09월,대구,LPG,1077.92
2022년10월,대구,LPG,1076.72
2022년11월,대구,LPG,1056.43
2022년12월,대구,LPG,1043.57
2023년01월,대구,LPG,1042.88
2023년02월,대구,LPG,1014.35
2023년03월,대구,LPG,1013.53
2023년04월,대구,LPG,1014.21
2023년05월,대구,LPG,1013.71
2023년06월,대구,LPG,985.93
2023년07월,대구,LPG,923.49
2023년08월,대구,LPG,887.62
2023년09월,대구,LPG,915.32
2023년10월,대구,LPG,960.76
2023년11월,대구,LPG,992.51
2023년12월,대구,LPG,991.98
2024년01월,대구,LPG,989.61
2024년02월,대구,LPG,989.01
2024년03월,대구,LPG,988.53
2024년04월,대구,LPG,988.59
2024년05월,대구,LPG,988.6
2024년06월,대구,LPG,988.53
2024년07월,대구,LPG,1001.92
2024년08월,대구,LPG,1036.27
2024년09월,대구,LPG,1035.36
2024년10월,대구,LPG,1035.44
2024년11월,대구,LPG,1049.52
2024년12월,대구,LPG,1078.53
2025년01월,대구,LPG,1078.64
2025년02월,대구,LPG,1092.51
2025년03월,대구,LPG,1092.03
2025년04월,대구,LPG,1092.05
2025년05월,대구,LPG,1108.06
2020년01월,인천,LPG,821.95
2020년02월,인천,LPG,877.19
2020년03월,인천,LPG,877.94
2020년04월,인천,LPG,819.76
2020년05월,인천,LPG,722.42
2020년06월,인천,LPG,752.36
2020년07월,인천,LPG,764.47
2020년08월,인천,LPG,764.13
2020년09월,인천,LPG,778.14
2020년10월,인천,LPG,778.31
2020년11월,인천,LPG,777.51
2020년12월,인천,LPG,803.53
2021년01월,인천,LPG,803.47
2021년02월,인천,LPG,854.49
2021년03월,인천,LPG,907.52
2021년04월,인천,LPG,907.33
2021년05월,인천,LPG,907.19
2021년06월,인천,LPG,884.42
2021년07월,인천,LPG,910.69
2021년08월,인천,LPG,957.14
2021년09월,인천,LPG,985.95
2021년10월,인천,LPG,986.17
2021년11월,인천,LPG,1057.28
2021년12월,인천,LPG,1094.48
2022년01월,인천,LPG,1076.88
2022년02월,인천,LPG,1057.28
2022년03월,인천,LPG,1091.57
2022년04월,인천,LPG,1164.74
2022년05월,인천,LPG,1131.89
2022년06월,인천,LPG,1131.45
2022년07월,인천,LPG,1101.87
2022년08월,인천,LPG,1089.47
2022년09월,인천,LPG,1050.46
2022년10월,인천,LPG,1048.75
2022년11월,인천,LPG,1030.22
2022년12월,인천,LPG,1018.64
2023년01월,인천,LPG,1017.94
2023년02월,인천,LPG,990.43
2023년03월,인천,LPG,989.63
2023년04월,인천,LPG,989.23
2023년05월,인천,LPG,988.8
2023년06월,인천,LPG,959.62
2023년07월,인천,LPG,900.43
2023년08월,인천,LPG,861.41
2023년09월,인천,LPG,890.39
2023년10월,인천,LPG,936.76
2023년11월,인천,LPG,969.29
2023년12월,인천,LPG,969.78
2024년01월,인천,LPG,969.81
2024년02월,인천,LPG,969.81
2024년03월,인천,LPG,970.02
2024년04월,인천,LPG,969.63
2024년05월,인천,LPG,969.97
2024년06월,인천,LPG,969.39
2024년07월,인천,LPG,982.28
2024년08월,인천,LPG,1016.54
2024년09월,인천,LPG,1015.37
2024년10월,인천,LPG,1015.53
2024년11월,인천,LPG,1030.49
2024년12월,인천,LPG,1057.94
2025년01월,인천,LPG,1056.36
2025년02월,인천,LPG,1071.79
2025년03월,인천,LPG,1073.04
2025년04월,인천,LPG,1073.44
2025년05월,인천,LPG,1088.92
2020년01월,광주,LPG,749.91
2020년02월,광주,LPG,804.28
2020년03월,광주,LPG,805.02
2020년04월,광주,LPG,748.61
2020년05월,광주,LPG,658.38
2020년06월,광주,LPG,688.66
2020년07월,광주,LPG,697.69
2020년08월,광주,LPG,696.19
2020년09월,광주,LPG,712.68
2020년10월,광주,LPG,712.11
2020년11월,광주,LPG,711.72
2020년12월,광주,LPG,734.57
2021년01월,광주,LPG,725.3
2021년02월,광주,LPG,770.13
2021년03월,광주,LPG,818.27
2021년04월,광주,LPG,818.72
2021년05월,광주,LPG,814.65
2021년06월,광주,LPG,793.63
2021년07월,광주,LPG,819.63
2021년08월,광주,LPG,864.08
2021년09월,광주,LPG,892.11
2021년10월,광주,LPG,911.9
2021년11월,광주,LPG,999.51
2021년12월,광주,LPG,1030.47
2022년01월,광주,LPG,1014.19
2022년02월,광주,LPG,995.56
2022년03월,광주,LPG,1029.32
2022년04월,광주,LPG,1110.76
2022년05월,광주,LPG,1079.13
2022년06월,광주,LPG,1078.55
2022년07월,광주,LPG,1050.46
2022년08월,광주,LPG,1037.75
2022년09월,광주,LPG,1006.75
2022년10월,광주,LPG,1006.71
2022년11월,광주,LPG,989.27
2022년12월,광주,LPG,987.66
2023년01월,광주,LPG,985.63
2023년02월,광주,LPG,965.44
2023년03월,광주,LPG,965.29
2023년04월,광주,LPG,964.47
2023년05월,광주,LPG,964.9
2023년06월,광주,LPG,945.73
2023년07월,광주,LPG,905.4
2023년08월,광주,LPG,868.77
2023년09월,광주,LPG,895.98
2023년10월,광주,LPG,941.3
2023년11월,광주,LPG,973.33
2023년12월,광주,LPG,973.38
2024년01월,광주,LPG,973.35
2024년02월,광주,LPG,973.09
2024년03월,광주,LPG,971.46
2024년04월,광주,LPG,973.6
2024년05월,광주,LPG,972.06
2024년06월,광주,LPG,971.15
2024년07월,광주,LPG,983.8
2024년08월,광주,LPG,1024.2
2024년09월,광주,LPG,1024.54
2024년10월,광주,LPG,1024.44
2024년11월,광주,LPG,1038.4
2024년12월,광주,LPG,1064.78
2025년01월,광주,LPG,1065.01
2025년02월,광주,LPG,1079.64
2025년03월,광주,LPG,1080.3
2025년04월,광주,LPG,1080.62
2025년05월,광주,LPG,1095.91
2020년01월,대전,LPG,816.18
2020년02월,대전,LPG,871.42
2020년03월,대전,LPG,871.59
2020년04월,대전,LPG,813.65
2020년05월,대전,LPG,719.36
2020년06월,대전,LPG,746.42
2020년07월,대전,LPG,755.75
2020년08월,대전,LPG,762.83
2020년09월,대전,LPG,772.55
2020년10월,대전,LPG,771.96
2020년11월,대전,LPG,766.4
2020년12월,대전,LPG,790.78
2021년01월,대전,LPG,791.35
2021년02월,대전,LPG,844.3
2021년03월,대전,LPG,894.77
2021년04월,대전,LPG,893.94
2021년05월,대전,LPG,893.56
2021년06월,대전,LPG,875.41
2021년07월,대전,LPG,903.61
2021년08월,대전,LPG,950.62
2021년09월,대전,LPG,976.88
2021년10월,대전,LPG,977.25
2021년11월,대전,LPG,1049.45
2021년12월,대전,LPG,1084.43
2022년01월,대전,LPG,1067.08
2022년02월,대전,LPG,1044.5
2022년03월,대전,LPG,1078.37
2022년04월,대전,LPG,1160.13
2022년05월,대전,LPG,1128.75
2022년06월,대전,LPG,1128.04
2022년07월,대전,LPG,1091.2
2022년08월,대전,LPG,1079.81
2022년09월,대전,LPG,1040.16
2022년10월,대전,LPG,1040.16
2022년11월,대전,LPG,1020.4
2022년12월,대전,LPG,1009.71
2023년01월,대전,LPG,1008.68
2023년02월,대전,LPG,977.18
2023년03월,대전,LPG,976.85
2023년04월,대전,LPG,975.51
2023년05월,대전,LPG,975.25
2023년06월,대전,LPG,948.97
2023년07월,대전,LPG,890.78
2023년08월,대전,LPG,852.29
2023년09월,대전,LPG,880.51
2023년10월,대전,LPG,925.88
2023년11월,대전,LPG,956.87
2023년12월,대전,LPG,956.99
2024년01월,대전,LPG,957.05
2024년02월,대전,LPG,957.08
2024년03월,대전,LPG,956.66
2024년04월,대전,LPG,956
2024년05월,대전,LPG,956.14
2024년06월,대전,LPG,956.88
2024년07월,대전,LPG,970.45
2024년08월,대전,LPG,1003.25
2024년09월,대전,LPG,1002.51
2024년10월,대전,LPG,1001.72
2024년11월,대전,LPG,1015.52
2024년12월,대전,LPG,1043.74
2025년01월,대전,LPG,1043.9
2025년02월,대전,LPG,1060.46
2025년03월,대전,LPG,1060.71
2025년04월,대전,LPG,1059.34
2025년05월,대전,LPG,1074.37
2020년01월,울산,LPG,831.91
2020년02월,울산,LPG,887.22
2020년03월,울산,LPG,887.33
2020년04월,울산,LPG,829.22
2020년05월,울산,LPG,732.56
2020년06월,울산,LPG,763.19
2020년07월,울산,LPG,772.14
2020년08월,울산,LPG,772.11
2020년09월,울산,LPG,783.38
2020년10월,울산,LPG,783.49
2020년11월,울산,LPG,783.62
2020년12월,울산,LPG,810.48
2021년01월,울산,LPG,810.56
2021년02월,울산,LPG,861
2021년03월,울산,LPG,912.59
2021년04월,울산,LPG,912.51
2021년05월,울산,LPG,912.75
2021년06월,울산,LPG,891.11
2021년07월,울산,LPG,918.54
2021년08월,울산,LPG,966.12
2021년09월,울산,LPG,989.72
2021년10월,울산,LPG,990.14
2021년11월,울산,LPG,1066.16
2021년12월,울산,LPG,1102.26
2022년01월,울산,LPG,1086.37
2022년02월,울산,LPG,1063.81
2022년03월,울산,LPG,1096.52
2022년04월,울산,LPG,1178.2
2022년05월,울산,LPG,1148.15
2022년06월,울산,LPG,1147.48
2022년07월,울산,LPG,1111.47
2022년08월,울산,LPG,1099.38
2022년09월,울산,LPG,1060.34
2022년10월,울산,LPG,1058.27
2022년11월,울산,LPG,1042.16
2022년12월,울산,LPG,1030.4
2023년01월,울산,LPG,1029.81
2023년02월,울산,LPG,1003.32
2023년03월,울산,LPG,1001.92
2023년04월,울산,LPG,1001.61
2023년05월,울산,LPG,1001.68
2023년06월,울산,LPG,974.05
2023년07월,울산,LPG,916.53
2023년08월,울산,LPG,880.33
2023년09월,울산,LPG,904.78
2023년10월,울산,LPG,950.35
2023년11월,울산,LPG,981.96
2023년12월,울산,LPG,982.3
2024년01월,울산,LPG,982.52
2024년02월,울산,LPG,982.17
2024년03월,울산,LPG,979.82
2024년04월,울산,LPG,979.73
2024년05월,울산,LPG,979.73
2024년06월,울산,LPG,979.73
2024년07월,울산,LPG,992.78
2024년08월,울산,LPG,1026.98
2024년09월,울산,LPG,1027
2024년10월,울산,LPG,1027
2024년11월,울산,LPG,1040.77
2024년12월,울산,LPG,1068.4
2025년01월,울산,LPG,1069.79
2025년02월,울산,LPG,1083.74
2025년03월,울산,LPG,1083.34
2025년04월,울산,LPG,1083.45
2025년05월,울산,LPG,1099.92
2020년01월,경기,LPG,820.44
2020년02월,경기,LPG,874.93
2020년03월,경기,LPG,874.39
2020년04월,경기,LPG,817.21
2020년05월,경기,LPG,722.8
2020년06월,경기,LPG,751.44
2020년07월,경기,LPG,761.54
2020년08월,경기,LPG,761.95
2020년09월,경기,LPG,770.77
2020년10월,경기,LPG,769.65
2020년11월,경기,LPG,769.58
2020년12월,경기,LPG,796.83
2021년01월,경기,LPG,797.01
2021년02월,경기,LPG,847.33
2021년03월,경기,LPG,898.86
2021년04월,경기,LPG,899.91
2021년05월,경기,LPG,899.82
2021년06월,경기,LPG,876.46
2021년07월,경기,LPG,905.98
2021년08월,경기,LPG,952.03
2021년09월,경기,LPG,981.48
2021년10월,경기,LPG,980.98
2021년11월,경기,LPG,1055
2021년12월,경기,LPG,1089.65
2022년01월,경기,LPG,1073.18
2022년02월,경기,LPG,1051.9
2022년03월,경기,LPG,1086.12
2022년04월,경기,LPG,1167.02
2022년05월,경기,LPG,1137.48
2022년06월,경기,LPG,1136.81
2022년07월,경기,LPG,1101.66
2022년08월,경기,LPG,1090.49
2022년09월,경기,LPG,1052.2
2022년10월,경기,LPG,1051.92
2022년11월,경기,LPG,1034.04
2022년12월,경기,LPG,1022.91
2023년01월,경기,LPG,1021.65
2023년02월,경기,LPG,992.72
2023년03월,경기,LPG,991.58
2023년04월,경기,LPG,991.12
2023년05월,경기,LPG,990.34
2023년06월,경기,LPG,963.33
2023년07월,경기,LPG,904.32
2023년08월,경기,LPG,868.15
2023년09월,경기,LPG,894.09
2023년10월,경기,LPG,938.85
2023년11월,경기,LPG,969.11
2023년12월,경기,LPG,968.81
2024년01월,경기,LPG,968.41
2024년02월,경기,LPG,967.58
2024년03월,경기,LPG,967.44
2024년04월,경기,LPG,968.06
2024년05월,경기,LPG,967.99
2024년06월,경기,LPG,968.08
2024년07월,경기,LPG,980.41
2024년08월,경기,LPG,1013.72
2024년09월,경기,LPG,1014.04
2024년10월,경기,LPG,1014.02
2024년11월,경기,LPG,1027.38
2024년12월,경기,LPG,1056.33
2025년01월,경기,LPG,1057.25
2025년02월,경기,LPG,1072.08
2025년03월,경기,LPG,1071.02
2025년04월,경기,LPG,1070.71
2025년05월,경기,LPG,1086.26
2020년01월,강원,LPG,851.03
2020년02월,강원,LPG,904.71
2020년03월,강원,LPG,904.76
2020년04월,강원,LPG,849.01
2020년05월,강원,LPG,756.36
2020년06월,강원,LPG,781.84
2020년07월,강원,LPG,792.26
2020년08월,강원,LPG,791.89
2020년09월,강원,LPG,802.17
2020년10월,강원,LPG,802.39
2020년11월,강원,LPG,802.14
2020년12월,강원,LPG,827.88
2021년01월,강원,LPG,828.14
2021년02월,강원,LPG,879.08
2021년03월,강원,LPG,930.19
2021년04월,강원,LPG,930.92
2021년05월,강원,LPG,931.08
2021년06월,강원,LPG,911.49
2021년07월,강원,LPG,939.08
2021년08월,강원,LPG,986.03
2021년09월,강원,LPG,1015.05
2021년10월,강원,LPG,1015.68
2021년11월,강원,LPG,1087.21
2021년12월,강원,LPG,1121.4
2022년01월,강원,LPG,1107.11
2022년02월,강원,LPG,1087
2022년03월,강원,LPG,1119.42
2022년04월,강원,LPG,1199.32
2022년05월,강원,LPG,1171.8
2022년06월,강원,LPG,1170.28
2022년07월,강원,LPG,1136.24
2022년08월,강원,LPG,1124.8
2022년09월,강원,LPG,1088.14
2022년10월,강원,LPG,1085.89
2022년11월,강원,LPG,1070.31
2022년12월,강원,LPG,1057.34
2023년01월,강원,LPG,1056.59
2023년02월,강원,LPG,1027.74
2023년03월,강원,LPG,1025.7
2023년04월,강원,LPG,1025.26
2023년05월,강원,LPG,1025.33
2023년06월,강원,LPG,998.05
2023년07월,강원,LPG,939.13
2023년08월,강원,LPG,901.32
2023년09월,강원,LPG,926.52
2023년10월,강원,LPG,971.49
2023년11월,강원,LPG,1001.44
2023년12월,강원,LPG,1001.22
2024년01월,강원,LPG,1000.51
2024년02월,강원,LPG,1000.37
2024년03월,강원,LPG,1001.22
2024년04월,강원,LPG,1000.75
2024년05월,강원,LPG,1000.68
2024년06월,강원,LPG,1000.98
2024년07월,강원,LPG,1016.12
2024년08월,강원,LPG,1049.81
2024년09월,강원,LPG,1049.87
2024년10월,강원,LPG,1049.22
2024년11월,강원,LPG,1062.23
2024년12월,강원,LPG,1090.78
2025년01월,강원,LPG,1091.48
2025년02월,강원,LPG,1105.39
2025년03월,강원,LPG,1105.58
2025년04월,강원,LPG,1105.67
2025년05월,강원,LPG,1121.59
2020년01월,충북,LPG,834.72
2020년02월,충북,LPG,885.29
2020년03월,충북,LPG,886.32
2020년04월,충북,LPG,831.84
2020년05월,충북,LPG,743.37
2020년06월,충북,LPG,762.29
2020년07월,충북,LPG,772.84
2020년08월,충북,LPG,773.76
2020년09월,충북,LPG,784.39
2020년10월,충북,LPG,784.44
2020년11월,충북,LPG,780.87
2020년12월,충북,LPG,804.21
2021년01월,충북,LPG,805.33
2021년02월,충북,LPG,852.35
2021년03월,충북,LPG,902.91
2021년04월,충북,LPG,902.48
2021년05월,충북,LPG,903.01
2021년06월,충북,LPG,885.03
2021년07월,충북,LPG,912.84
2021년08월,충북,LPG,957.39
2021년09월,충북,LPG,986.98
2021년10월,충북,LPG,987.89
2021년11월,충북,LPG,1061.2
2021년12월,충북,LPG,1094.77
2022년01월,충북,LPG,1079.63
2022년02월,충북,LPG,1058.45
2022년03월,충북,LPG,1090.19
2022년04월,충북,LPG,1171.18
2022년05월,충북,LPG,1142.11
2022년06월,충북,LPG,1141.05
2022년07월,충북,LPG,1107.01
2022년08월,충북,LPG,1095.83
2022년09월,충북,LPG,1058.96
2022년10월,충북,LPG,1055.85
2022년11월,충북,LPG,1039.44
2022년12월,충북,LPG,1028.39
2023년01월,충북,LPG,1026.68
2023년02월,충북,LPG,999.46
2023년03월,충북,LPG,996.51
2023년04월,충북,LPG,996.38
2023년05월,충북,LPG,997.01
2023년06월,충북,LPG,970.85
2023년07월,충북,LPG,912.91
2023년08월,충북,LPG,875.62
2023년09월,충북,LPG,899.78
2023년10월,충북,LPG,947.33
2023년11월,충북,LPG,977.93
2023년12월,충북,LPG,976.7
2024년01월,충북,LPG,976.46
2024년02월,충북,LPG,976.76
2024년03월,충북,LPG,976.21
2024년04월,충북,LPG,975.06
2024년05월,충북,LPG,974.12
2024년06월,충북,LPG,973.24
2024년07월,충북,LPG,987.88
2024년08월,충북,LPG,1022.85
2024년09월,충북,LPG,1023.31
2024년10월,충북,LPG,1023.15
2024년11월,충북,LPG,1036.53
2024년12월,충북,LPG,1064.51
2025년01월,충북,LPG,1064.95
2025년02월,충북,LPG,1079.79
2025년03월,충북,LPG,1079.68
2025년04월,충북,LPG,1080.17
2025년05월,충북,LPG,1094.54
2020년01월,충남,LPG,825.76
2020년02월,충남,LPG,877.49
2020년03월,충남,LPG,877.49
2020년04월,충남,LPG,822.73
2020년05월,충남,LPG,729.29
2020년06월,충남,LPG,752.78
2020년07월,충남,LPG,763.31
2020년08월,충남,LPG,763.24
2020년09월,충남,LPG,774.97
2020년10월,충남,LPG,774.41
2020년11월,충남,LPG,771.69
2020년12월,충남,LPG,800.44
2021년01월,충남,LPG,800.54
2021년02월,충남,LPG,850.81
2021년03월,충남,LPG,900.26
2021년04월,충남,LPG,900.8
2021년05월,충남,LPG,900.89
2021년06월,충남,LPG,883.78
2021년07월,충남,LPG,910.84
2021년08월,충남,LPG,958.19
2021년09월,충남,LPG,982.79
2021년10월,충남,LPG,984.22
2021년11월,충남,LPG,1056.27
2021년12월,충남,LPG,1090.56
2022년01월,충남,LPG,1073.97
2022년02월,충남,LPG,1053.68
2022년03월,충남,LPG,1086.9
2022년04월,충남,LPG,1169.13
2022년05월,충남,LPG,1140.69
2022년06월,충남,LPG,1139.41
2022년07월,충남,LPG,1107.1
2022년08월,충남,LPG,1094.37
2022년09월,충남,LPG,1058.77
2022년10월,충남,LPG,1057.65
2022년11월,충남,LPG,1039.31
2022년12월,충남,LPG,1028.49
2023년01월,충남,LPG,1026.21
2023년02월,충남,LPG,999.22
2023년03월,충남,LPG,998.07
2023년04월,충남,LPG,996.75
2023년05월,충남,LPG,996.28
2023년06월,충남,LPG,970.38
2023년07월,충남,LPG,913.53
2023년08월,충남,LPG,879.44
2023년09월,충남,LPG,903.91
2023년10월,충남,LPG,947.3
2023년11월,충남,LPG,976.53
2023년12월,충남,LPG,976.85
2024년01월,충남,LPG,976.02
2024년02월,충남,LPG,975.87
2024년03월,충남,LPG,976.03
2024년04월,충남,LPG,976.91
2024년05월,충남,LPG,976.05
2024년06월,충남,LPG,976.77
2024년07월,충남,LPG,989.33
2024년08월,충남,LPG,1022.46
2024년09월,충남,LPG,1023.08
2024년10월,충남,LPG,1023.5
2024년11월,충남,LPG,1035.84
2024년12월,충남,LPG,1060.94
2025년01월,충남,LPG,1060.44
2025년02월,충남,LPG,1077.31
2025년03월,충남,LPG,1077.38
2025년04월,충남,LPG,1077.63
2025년05월,충남,LPG,1094.66
2020년01월,전북,LPG,788.78
2020년02월,전북,LPG,843.77
2020년03월,전북,LPG,837.28
2020년04월,전북,LPG,792.68
2020년05월,전북,LPG,699.33
2020년06월,전북,LPG,720.11
2020년07월,전북,LPG,733.42
2020년08월,전북,LPG,737.59
2020년09월,전북,LPG,756.13
2020년10월,전북,LPG,756.1
2020년11월,전북,LPG,755.86
2020년12월,전북,LPG,786.26
2021년01월,전북,LPG,786.24
2021년02월,전북,LPG,835.61
2021년03월,전북,LPG,887.09
2021년04월,전북,LPG,886.02
2021년05월,전북,LPG,885.98
2021년06월,전북,LPG,866.88
2021년07월,전북,LPG,892.87
2021년08월,전북,LPG,937.31
2021년09월,전북,LPG,963.08
2021년10월,전북,LPG,964.3
2021년11월,전북,LPG,1034.03
2021년12월,전북,LPG,1066.12
2022년01월,전북,LPG,1050.3
2022년02월,전북,LPG,1026.96
2022년03월,전북,LPG,1052.21
2022년04월,전북,LPG,1127.05
2022년05월,전북,LPG,1106.3
2022년06월,전북,LPG,1102.47
2022년07월,전북,LPG,1075.29
2022년08월,전북,LPG,1066.07
2022년09월,전북,LPG,1032.97
2022년10월,전북,LPG,1027.04
2022년11월,전북,LPG,1006.66
2022년12월,전북,LPG,991.05
2023년01월,전북,LPG,989.57
2023년02월,전북,LPG,963.55
2023년03월,전북,LPG,949.61
2023년04월,전북,LPG,944.39
2023년05월,전북,LPG,944.76
2023년06월,전북,LPG,918.93
2023년07월,전북,LPG,871.97
2023년08월,전북,LPG,839.11
2023년09월,전북,LPG,861.43
2023년10월,전북,LPG,907.01
2023년11월,전북,LPG,933.07
2023년12월,전북,LPG,931.43
2024년01월,전북,LPG,930.73
2024년02월,전북,LPG,930.22
2024년03월,전북,LPG,929.14
2024년04월,전북,LPG,928.13
2024년05월,전북,LPG,927.22
2024년06월,전북,LPG,923.7
2024년07월,전북,LPG,939.34
2024년08월,전북,LPG,972.27
2024년09월,전북,LPG,973.22
2024년10월,전북,LPG,971.19
2024년11월,전북,LPG,980.79
2024년12월,전북,LPG,1010.74
2025년01월,전북,LPG,1012.33
2025년02월,전북,LPG,1028.73
2025년03월,전북,LPG,1027.73
2025년04월,전북,LPG,1026.72
2025년05월,전북,LPG,1042.69
2020년01월,전남,LPG,812.32
2020년02월,전남,LPG,864.97
2020년03월,전남,LPG,864.91
2020년04월,전남,LPG,812.47
2020년05월,전남,LPG,720.41
2020년06월,전남,LPG,742.31
2020년07월,전남,LPG,754.36
2020년08월,전남,LPG,755.36
2020년09월,전남,LPG,765.45
2020년10월,전남,LPG,766.36
2020년11월,전남,LPG,766.47
2020년12월,전남,LPG,789.58
2021년01월,전남,LPG,789.5
2021년02월,전남,LPG,837.8
2021년03월,전남,LPG,882.48
2021년04월,전남,LPG,882.06
2021년05월,전남,LPG,885.8
2021년06월,전남,LPG,867.67
2021년07월,전남,LPG,893.35
2021년08월,전남,LPG,943.16
2021년09월,전남,LPG,972.86
2021년10월,전남,LPG,972.68
2021년11월,전남,LPG,1047.97
2021년12월,전남,LPG,1082.78
2022년01월,전남,LPG,1067.14
2022년02월,전남,LPG,1045.88
2022년03월,전남,LPG,1078.93
2022년04월,전남,LPG,1157.48
2022년05월,전남,LPG,1126.58
2022년06월,전남,LPG,1125.68
2022년07월,전남,LPG,1093.18
2022년08월,전남,LPG,1081.07
2022년09월,전남,LPG,1044.16
2022년10월,전남,LPG,1042.66
2022년11월,전남,LPG,1026.62
2022년12월,전남,LPG,1021.35
2023년01월,전남,LPG,1021.13
2023년02월,전남,LPG,996.4
2023년03월,전남,LPG,996.15
2023년04월,전남,LPG,995.29
2023년05월,전남,LPG,993.75
2023년06월,전남,LPG,968.07
2023년07월,전남,LPG,919.38
2023년08월,전남,LPG,886.32
2023년09월,전남,LPG,913.04
2023년10월,전남,LPG,956.86
2023년11월,전남,LPG,986.25
2023년12월,전남,LPG,985.9
2024년01월,전남,LPG,987.13
2024년02월,전남,LPG,986.42
2024년03월,전남,LPG,985.79
2024년04월,전남,LPG,985.63
2024년05월,전남,LPG,985.79
2024년06월,전남,LPG,985.73
2024년07월,전남,LPG,998.17
2024년08월,전남,LPG,1033.25
2024년09월,전남,LPG,1033.01
2024년10월,전남,LPG,1032.52
2024년11월,전남,LPG,1044.77
2024년12월,전남,LPG,1072.9
2025년01월,전남,LPG,1073.19
2025년02월,전남,LPG,1087.85
2025년03월,전남,LPG,1087.87
2025년04월,전남,LPG,1088.01
2025년05월,전남,LPG,1103.97
2020년01월,경북,LPG,812.16
2020년02월,경북,LPG,865.05
2020년03월,경북,LPG,865.95
2020년04월,경북,LPG,809.54
2020년05월,경북,LPG,721.18
2020년06월,경북,LPG,742.31
2020년07월,경북,LPG,751.3
2020년08월,경북,LPG,750.25
2020년09월,경북,LPG,760.13
2020년10월,경북,LPG,759.24
2020년11월,경북,LPG,758.23
2020년12월,경북,LPG,784.32
2021년01월,경북,LPG,785.94
2021년02월,경북,LPG,839.93
2021년03월,경북,LPG,891.69
2021년04월,경북,LPG,892.96
2021년05월,경북,LPG,891.92
2021년06월,경북,LPG,868.97
2021년07월,경북,LPG,897.8
2021년08월,경북,LPG,943.15
2021년09월,경북,LPG,973.05
2021년10월,경북,LPG,972.75
2021년11월,경북,LPG,1042.84
2021년12월,경북,LPG,1073.6
2022년01월,경북,LPG,1056.7
2022년02월,경북,LPG,1037.85
2022년03월,경북,LPG,1069.84
2022년04월,경북,LPG,1152.42
2022년05월,경북,LPG,1125.59
2022년06월,경북,LPG,1124.49
2022년07월,경북,LPG,1089.94
2022년08월,경북,LPG,1077.74
2022년09월,경북,LPG,1039.08
2022년10월,경북,LPG,1034.14
2022년11월,경북,LPG,1017.5
2022년12월,경북,LPG,1006.52
2023년01월,경북,LPG,1003.5
2023년02월,경북,LPG,977.07
2023년03월,경북,LPG,974.8
2023년04월,경북,LPG,974.45
2023년05월,경북,LPG,973.51
2023년06월,경북,LPG,949.29
2023년07월,경북,LPG,892.08
2023년08월,경북,LPG,856.37
2023년09월,경북,LPG,881.3
2023년10월,경북,LPG,924.9
2023년11월,경북,LPG,957.28
2023년12월,경북,LPG,958.63
2024년01월,경북,LPG,958.32
2024년02월,경북,LPG,960.9
2024년03월,경북,LPG,960.62
2024년04월,경북,LPG,959.89
2024년05월,경북,LPG,959.78
2024년06월,경북,LPG,959.82
2024년07월,경북,LPG,973.27
2024년08월,경북,LPG,1007.07
2024년09월,경북,LPG,1007.76
2024년10월,경북,LPG,1007.93
2024년11월,경북,LPG,1021.08
2024년12월,경북,LPG,1050.61
2025년01월,경북,LPG,1050.79
2025년02월,경북,LPG,1065.57
2025년03월,경북,LPG,1066.02
2025년04월,경북,LPG,1066.26
2025년05월,경북,LPG,1079.57
2020년01월,경남,LPG,811.57
2020년02월,경남,LPG,865.62
2020년03월,경남,LPG,866.94
2020년04월,경남,LPG,807.44
2020년05월,경남,LPG,708.25
2020년06월,경남,LPG,723.88
2020년07월,경남,LPG,731.62
2020년08월,경남,LPG,731.33
2020년09월,경남,LPG,742.62
2020년10월,경남,LPG,744.65
2020년11월,경남,LPG,744.61
2020년12월,경남,LPG,770.92
2021년01월,경남,LPG,771.8
2021년02월,경남,LPG,825.06
2021년03월,경남,LPG,876.97
2021년04월,경남,LPG,879.87
2021년05월,경남,LPG,880.53
2021년06월,경남,LPG,858.98
2021년07월,경남,LPG,886.01
2021년08월,경남,LPG,928.87
2021년09월,경남,LPG,955.05
2021년10월,경남,LPG,955.58
2021년11월,경남,LPG,1027.39
2021년12월,경남,LPG,1058.42
2022년01월,경남,LPG,1047.69
2022년02월,경남,LPG,1025.79
2022년03월,경남,LPG,1054.6
2022년04월,경남,LPG,1133.66
2022년05월,경남,LPG,1108.11
2022년06월,경남,LPG,1107.71
2022년07월,경남,LPG,1075.45
2022년08월,경남,LPG,1065.66
2022년09월,경남,LPG,1028.02
2022년10월,경남,LPG,1025.82
2022년11월,경남,LPG,1012.52
2022년12월,경남,LPG,1003.18
2023년01월,경남,LPG,996.58
2023년02월,경남,LPG,967.57
2023년03월,경남,LPG,960.25
2023년04월,경남,LPG,957.78
2023년05월,경남,LPG,956.03
2023년06월,경남,LPG,927.19
2023년07월,경남,LPG,875.98
2023년08월,경남,LPG,849.34
2023년09월,경남,LPG,868.41
2023년10월,경남,LPG,911.78
2023년11월,경남,LPG,943.78
2023년12월,경남,LPG,943.85
2024년01월,경남,LPG,943.72
2024년02월,경남,LPG,943.39
2024년03월,경남,LPG,943.15
2024년04월,경남,LPG,942.43
2024년05월,경남,LPG,943.65
2024년06월,경남,LPG,942.16
2024년07월,경남,LPG,954
2024년08월,경남,LPG,985.68
2024년09월,경남,LPG,991.42
2024년10월,경남,LPG,991.43
2024년11월,경남,LPG,1003.69
2024년12월,경남,LPG,1032.95
2025년01월,경남,LPG,1033.91
2025년02월,경남,LPG,1047
2025년03월,경남,LPG,1047.27
2025년04월,경남,LPG,1047.44
2025년05월,경남,LPG,1061.29
2020년01월,제주,LPG,857.71
2020년02월,제주,LPG,912.36
2020년03월,제주,LPG,912.48
2020년04월,제주,LPG,852.51
2020년05월,제주,LPG,757.01
2020년06월,제주,LPG,788.1
2020년07월,제주,LPG,799.71
2020년08월,제주,LPG,799.17
2020년09월,제주,LPG,810.59
2020년10월,제주,LPG,810.75
2020년11월,제주,LPG,810.5
2020년12월,제주,LPG,836.29
2021년01월,제주,LPG,836.58
2021년02월,제주,LPG,887
2021년03월,제주,LPG,937.55
2021년04월,제주,LPG,937.86
2021년05월,제주,LPG,937.62
2021년06월,제주,LPG,914.96
2021년07월,제주,LPG,943.8
2021년08월,제주,LPG,991.12
2021년09월,제주,LPG,1019.53
2021년10월,제주,LPG,1018.59
2021년11월,제주,LPG,1089.66
2021년12월,제주,LPG,1124.08
2022년01월,제주,LPG,1108.06
2022년02월,제주,LPG,1086.07
2022년03월,제주,LPG,1120.24
2022년04월,제주,LPG,1201.86
2022년05월,제주,LPG,1170.5
2022년06월,제주,LPG,1169.78
2022년07월,제주,LPG,1132.36
2022년08월,제주,LPG,1120.55
2022년09월,제주,LPG,1079.87
2022년10월,제주,LPG,1079.59
2022년11월,제주,LPG,1062.07
2022년12월,제주,LPG,1051.04
2023년01월,제주,LPG,1050.89
2023년02월,제주,LPG,1021.71
2023년03월,제주,LPG,1021.58
2023년04월,제주,LPG,1021.5
2023년05월,제주,LPG,1022.07
2023년06월,제주,LPG,993.36
2023년07월,제주,LPG,934.56
2023년08월,제주,LPG,899.11
2023년09월,제주,LPG,927.2
2023년10월,제주,LPG,971.67
2023년11월,제주,LPG,1002.83
2023년12월,제주,LPG,1003.6
2024년01월,제주,LPG,1002.99
2024년02월,제주,LPG,1003.12
2024년03월,제주,LPG,1002.4
2024년04월,제주,LPG,1002.44
2024년05월,제주,LPG,1002.44
2024년06월,제주,LPG,1002.43
2024년07월,제주,LPG,1015.88
2024년08월,제주,LPG,1048.79
2024년09월,제주,LPG,1048.85
2024년10월,제주,LPG,1048.85
2024년11월,제주,LPG,1062.77
2024년12월,제주,LPG,1091.72
2025년01월,제주,LPG,1092.03
2025년02월,제주,LPG,1107.53
2025년03월,제주,LPG,1107.31
2025년04월,제주,LPG,1107.51
2025년05월,제주,LPG,1126.56
2020년01월,세종,LPG,832.85
2020년02월,세종,LPG,887.28
2020년03월,세종,LPG,887.28
2020년04월,세종,LPG,828.57
2020년05월,세종,LPG,733.32
2020년06월,세종,LPG,764
2020년07월,세종,LPG,775.14
2020년08월,세종,LPG,775.14
2020년09월,세종,LPG,787
2020년10월,세종,LPG,787
2020년11월,세종,LPG,787
2020년12월,세종,LPG,813
2021년01월,세종,LPG,813
2021년02월,세종,LPG,864.71
2021년03월,세종,LPG,915.61
2021년04월,세종,LPG,915.85
2021년05월,세종,LPG,915.85
2021년06월,세종,LPG,893.36
2021년07월,세종,LPG,921.71
2021년08월,세종,LPG,968.35
2021년09월,세종,LPG,997.72
2021년10월,세종,LPG,997.71
2021년11월,세종,LPG,1070.66
2021년12월,세종,LPG,1105.14
2022년01월,세종,LPG,1088.5
2022년02월,세종,LPG,1064.93
2022년03월,세종,LPG,1101.71
2022년04월,세종,LPG,1185
2022년05월,세종,LPG,1153.29
2022년06월,세종,LPG,1153
2022년07월,세종,LPG,1115.77
2022년08월,세종,LPG,1091.36
2022년09월,세종,LPG,1051.76
2022년10월,세종,LPG,1051.57
2022년11월,세종,LPG,1036.37
2022년12월,세종,LPG,1025
2023년01월,세종,LPG,1025
2023년02월,세종,LPG,997.15
2023년03월,세종,LPG,997
2023년04월,세종,LPG,996.88
2023년05월,세종,LPG,997
2023년06월,세종,LPG,968.14
2023년07월,세종,LPG,909.24
2023년08월,세종,LPG,869.55
2023년09월,세종,LPG,898
2023년10월,세종,LPG,944.38
2023년11월,세종,LPG,976.57
2023년12월,세종,LPG,976.57
2024년01월,세종,LPG,976.57
2024년02월,세종,LPG,976.57
2024년03월,세종,LPG,976.57
2024년04월,세종,LPG,976.59
2024년05월,세종,LPG,976.57
2024년06월,세종,LPG,976.57
2024년07월,세종,LPG,989.1
2024년08월,세종,LPG,1024.24
2024년09월,세종,LPG,1023.86
2024년10월,세종,LPG,1023.86
2024년11월,세종,LPG,1034.65
2024년12월,세종,LPG,1063.58
2025년01월,세종,LPG,1067.02
2025년02월,세종,LPG,1081.58
2025년03월,세종,LPG,1081.57
2025년04월,세종,LPG,1081.48
2025년05월,세종,LPG,1097.57
